target,ligand,kind,mutation,dist,ddg
DHFR | Escherichia coli,CNP0002366_1,ORPHAN,L28R,3.6,0.23475474602138532
DHFR | Escherichia coli,CNP0002366_1,ORPHAN,W30G,4.38,0.18681916376505925
DHFR | Escherichia coli,CNP0076767_1,ORPHAN,L28R,3.6,1.2176474531066375
DHFR | Escherichia coli,CNP0076767_1,ORPHAN,W30G,4.38,0.09183229870664576
DHFR | Escherichia coli,CNP0083405_1,ORPHAN,L28R,3.6,0.25522858068564236
DHFR | Escherichia coli,CNP0083405_1,ORPHAN,W30G,4.38,0.1882976233406096
DHFR | Escherichia coli,CNP0222405_1,ORPHAN,L28R,3.6,0.48895867329963394
DHFR | Escherichia coli,CNP0222405_1,ORPHAN,W30G,4.38,0.3966198534846398
DHFR | Escherichia coli,CNP0222405_2,ORPHAN,L28R,3.6,0.6385438932012861
DHFR | Escherichia coli,CNP0222405_2,ORPHAN,W30G,4.38,0.3415764672076236
DHFR | Escherichia coli,CNP0222405_6,ORPHAN,L28R,3.6,0.4979570431992481
DHFR | Escherichia coli,CNP0222405_6,ORPHAN,W30G,4.38,0.3720883916232065
DHFR | Escherichia coli,CNP0448647_1,ORPHAN,L28R,3.6,1.4410721189665898
DHFR | Escherichia coli,CNP0448647_1,ORPHAN,W30G,4.38,0.7005277400972267
DHFR | Escherichia coli,CNP0448647_3,ORPHAN,L28R,3.6,1.4410721189665898
DHFR | Escherichia coli,CNP0448647_3,ORPHAN,W30G,4.38,0.369882003245334
DHFR | Escherichia coli,CNP0507737_1,ORPHAN,L28R,3.6,1.7136930393444512
DHFR | Escherichia coli,CNP0507737_1,ORPHAN,W30G,4.38,0.7704178186675094
DHFR | Escherichia coli,CNP0578104_1,ORPHAN,L28R,3.6,1.4451917095646691
DHFR | Escherichia coli,CNP0578104_1,ORPHAN,W30G,4.38,0.053762612871868946
DHFR | Escherichia coli,CNP0578104_2,ORPHAN,L28R,3.6,1.454742667648748
DHFR | Escherichia coli,CNP0578104_2,ORPHAN,W30G,4.38,0.045007660941781984
DHFR | Escherichia coli,CNP0578235_1,ORPHAN,L28R,3.6,1.7568230722114269
DHFR | Escherichia coli,CNP0578235_1,ORPHAN,W30G,4.38,0.02105315557703788
DHFR | Escherichia coli,CNP0598834_1,ORPHAN,L28R,3.6,0.6859349066875251
DHFR | Escherichia coli,CNP0598834_1,ORPHAN,W30G,4.38,0.24978616237982426
DHFR | Escherichia coli,DHFR_pos,POSITIVE,L28R,3.6,1.2982579286462264
DHFR | Escherichia coli,DHFR_pos,POSITIVE,W30G,4.38,0.05489124093662771
DHFR | Escherichia coli,POSITIVE_CONTROL,POSITIVE,L28R,3.6,1.3493380814338978
DHFR | Escherichia coli,POSITIVE_CONTROL,POSITIVE,W30G,4.38,0.49250115092473046
GyrA | Mycobacterium tuberculosis,CNP0045640_0,ORPHAN,G88A,4.18,0.8256154528666328
GyrA | Mycobacterium tuberculosis,CNP0045640_0,ORPHAN,G88C,4.18,0.9984556118160468
GyrA | Mycobacterium tuberculosis,CNP0045640_0,ORPHAN,A90V,2.69,0.5695653167017278
GyrA | Mycobacterium tuberculosis,CNP0045640_0,ORPHAN,A90G,2.69,0.31745036451423236
GyrA | Mycobacterium tuberculosis,CNP0045640_0,ORPHAN,A90S,2.69,0.6885113077675611
GyrA | Mycobacterium tuberculosis,CNP0045640_0,ORPHAN,A90V,2.69,0.5695653167017278
GyrA | Mycobacterium tuberculosis,CNP0045640_0,ORPHAN,S91P,3.69,0.9104497451927681
GyrA | Mycobacterium tuberculosis,CNP0045640_0,ORPHAN,D94A,5.11,0.824405730999841
GyrA | Mycobacterium tuberculosis,CNP0045640_0,ORPHAN,D94G,5.11,0.6638296398470603
GyrA | Mycobacterium tuberculosis,CNP0045640_0,ORPHAN,D94H,5.11,0.5092329849240756
GyrA | Mycobacterium tuberculosis,CNP0045640_0,ORPHAN,D94N,5.11,0.9032005286387809
GyrA | Mycobacterium tuberculosis,CNP0045640_0,ORPHAN,D94Y,5.11,1.1929042397878196
GyrA | Mycobacterium tuberculosis,CNP0045640_0,ORPHAN,D94G,5.11,0.6638296398470603
GyrA | Mycobacterium tuberculosis,CNP0045640_0,ORPHAN,D94H,5.11,0.5092329849240756
GyrA | Mycobacterium tuberculosis,CNP0056917_0,ORPHAN,G88A,4.18,0.47223339620092203
GyrA | Mycobacterium tuberculosis,CNP0056917_0,ORPHAN,G88C,4.18,0.662649484591695
GyrA | Mycobacterium tuberculosis,CNP0056917_0,ORPHAN,A90V,2.69,0.3502403973226864
GyrA | Mycobacterium tuberculosis,CNP0056917_0,ORPHAN,A90G,2.69,0.37720111574343934
GyrA | Mycobacterium tuberculosis,CNP0056917_0,ORPHAN,A90S,2.69,0.7001667300634319
GyrA | Mycobacterium tuberculosis,CNP0056917_0,ORPHAN,A90V,2.69,0.3502403973226864
GyrA | Mycobacterium tuberculosis,CNP0056917_0,ORPHAN,S91P,3.69,0.6169769241324963
GyrA | Mycobacterium tuberculosis,CNP0056917_0,ORPHAN,D94A,5.11,0.3653824847930465
GyrA | Mycobacterium tuberculosis,CNP0056917_0,ORPHAN,D94G,5.11,0.1619589509578572
GyrA | Mycobacterium tuberculosis,CNP0056917_0,ORPHAN,D94H,5.11,0.06923263972047666
GyrA | Mycobacterium tuberculosis,CNP0056917_0,ORPHAN,D94N,5.11,0.49458773650604754
GyrA | Mycobacterium tuberculosis,CNP0056917_0,ORPHAN,D94Y,5.11,0.7126782723260771
GyrA | Mycobacterium tuberculosis,CNP0056917_0,ORPHAN,D94G,5.11,0.1619589509578572
GyrA | Mycobacterium tuberculosis,CNP0056917_0,ORPHAN,D94H,5.11,0.06923263972047666
GyrA | Mycobacterium tuberculosis,CNP0065494_0,ORPHAN,G88A,4.18,0.23497425354019802
GyrA | Mycobacterium tuberculosis,CNP0065494_0,ORPHAN,G88C,4.18,0.5366186035946028
GyrA | Mycobacterium tuberculosis,CNP0065494_0,ORPHAN,A90V,2.69,0.26016844742128853
GyrA | Mycobacterium tuberculosis,CNP0065494_0,ORPHAN,A90G,2.69,0.509011610842078
GyrA | Mycobacterium tuberculosis,CNP0065494_0,ORPHAN,A90S,2.69,0.8243021354823241
GyrA | Mycobacterium tuberculosis,CNP0065494_0,ORPHAN,A90V,2.69,0.26016844742128853
GyrA | Mycobacterium tuberculosis,CNP0065494_0,ORPHAN,S91P,3.69,0.4700855644014256
GyrA | Mycobacterium tuberculosis,CNP0065494_0,ORPHAN,D94A,5.11,-0.05954876751476975
GyrA | Mycobacterium tuberculosis,CNP0065494_0,ORPHAN,D94G,5.11,-0.10019944295125965
GyrA | Mycobacterium tuberculosis,CNP0065494_0,ORPHAN,D94H,5.11,-0.24321735942168704
GyrA | Mycobacterium tuberculosis,CNP0065494_0,ORPHAN,D94N,5.11,0.18832118046889
GyrA | Mycobacterium tuberculosis,CNP0065494_0,ORPHAN,D94Y,5.11,0.3831650464817574
GyrA | Mycobacterium tuberculosis,CNP0065494_0,ORPHAN,D94G,5.11,-0.10019944295125965
GyrA | Mycobacterium tuberculosis,CNP0065494_0,ORPHAN,D94H,5.11,-0.24321735942168704
GyrA | Mycobacterium tuberculosis,CNP0068645_0,ORPHAN,G88A,4.18,0.8145713821486394
GyrA | Mycobacterium tuberculosis,CNP0068645_0,ORPHAN,G88C,4.18,0.9914097695023216
GyrA | Mycobacterium tuberculosis,CNP0068645_0,ORPHAN,A90V,2.69,0.570865138835969
GyrA | Mycobacterium tuberculosis,CNP0068645_0,ORPHAN,A90G,2.69,0.4592764773995016
GyrA | Mycobacterium tuberculosis,CNP0068645_0,ORPHAN,A90S,2.69,0.9244505151364161
GyrA | Mycobacterium tuberculosis,CNP0068645_0,ORPHAN,A90V,2.69,0.570865138835969
GyrA | Mycobacterium tuberculosis,CNP0068645_0,ORPHAN,S91P,3.69,1.1269200722100823
GyrA | Mycobacterium tuberculosis,CNP0068645_0,ORPHAN,D94A,5.11,0.5227489763480624
GyrA | Mycobacterium tuberculosis,CNP0068645_0,ORPHAN,D94G,5.11,0.2923021575733306
GyrA | Mycobacterium tuberculosis,CNP0068645_0,ORPHAN,D94H,5.11,0.2872143156239668
GyrA | Mycobacterium tuberculosis,CNP0068645_0,ORPHAN,D94N,5.11,0.6288303853383211
GyrA | Mycobacterium tuberculosis,CNP0068645_0,ORPHAN,D94Y,5.11,0.9376206189829456
GyrA | Mycobacterium tuberculosis,CNP0068645_0,ORPHAN,D94G,5.11,0.2923021575733306
GyrA | Mycobacterium tuberculosis,CNP0068645_0,ORPHAN,D94H,5.11,0.2872143156239668
GyrA | Mycobacterium tuberculosis,CNP0105007_1,ORPHAN,G88A,4.18,0.37738596600831475
GyrA | Mycobacterium tuberculosis,CNP0105007_1,ORPHAN,G88C,4.18,0.5941128647062206
GyrA | Mycobacterium tuberculosis,CNP0105007_1,ORPHAN,A90V,2.69,0.3247523138167304
GyrA | Mycobacterium tuberculosis,CNP0105007_1,ORPHAN,A90G,2.69,0.27008274022051715
GyrA | Mycobacterium tuberculosis,CNP0105007_1,ORPHAN,A90S,2.69,0.6207880637408717
GyrA | Mycobacterium tuberculosis,CNP0105007_1,ORPHAN,A90V,2.69,0.3247523138167304
GyrA | Mycobacterium tuberculosis,CNP0105007_1,ORPHAN,S91P,3.69,0.5177382436182167
GyrA | Mycobacterium tuberculosis,CNP0105007_1,ORPHAN,D94A,5.11,0.32086806400189183
GyrA | Mycobacterium tuberculosis,CNP0105007_1,ORPHAN,D94G,5.11,0.09042124522715841
GyrA | Mycobacterium tuberculosis,CNP0105007_1,ORPHAN,D94H,5.11,0.019355989696505253
GyrA | Mycobacterium tuberculosis,CNP0105007_1,ORPHAN,D94N,5.11,0.35138121465010724
GyrA | Mycobacterium tuberculosis,CNP0105007_1,ORPHAN,D94Y,5.11,0.6835011134381421
GyrA | Mycobacterium tuberculosis,CNP0105007_1,ORPHAN,D94G,5.11,0.09042124522715841
GyrA | Mycobacterium tuberculosis,CNP0105007_1,ORPHAN,D94H,5.11,0.019355989696505253
GyrA | Mycobacterium tuberculosis,CNP0105007_2,ORPHAN,G88A,4.18,0.41062077853650536
GyrA | Mycobacterium tuberculosis,CNP0105007_2,ORPHAN,G88C,4.18,0.627347677234411
GyrA | Mycobacterium tuberculosis,CNP0105007_2,ORPHAN,A90V,2.69,0.3388833604298326
GyrA | Mycobacterium tuberculosis,CNP0105007_2,ORPHAN,A90G,2.69,0.2944540886998328
GyrA | Mycobacterium tuberculosis,CNP0105007_2,ORPHAN,A90S,2.69,0.6451594122201871
GyrA | Mycobacterium tuberculosis,CNP0105007_2,ORPHAN,A90V,2.69,0.3388833604298326
GyrA | Mycobacterium tuberculosis,CNP0105007_2,ORPHAN,S91P,3.69,0.5177382436182167
GyrA | Mycobacterium tuberculosis,CNP0105007_2,ORPHAN,D94A,5.11,0.297970137645357
GyrA | Mycobacterium tuberculosis,CNP0105007_2,ORPHAN,D94G,5.11,0.06888745176621293
GyrA | Mycobacterium tuberculosis,CNP0105007_2,ORPHAN,D94H,5.11,-0.04625835582421849
GyrA | Mycobacterium tuberculosis,CNP0105007_2,ORPHAN,D94N,5.11,0.2907844866015295
GyrA | Mycobacterium tuberculosis,CNP0105007_2,ORPHAN,D94Y,5.11,0.6266417198475054
GyrA | Mycobacterium tuberculosis,CNP0105007_2,ORPHAN,D94G,5.11,0.06888745176621293
GyrA | Mycobacterium tuberculosis,CNP0105007_2,ORPHAN,D94H,5.11,-0.04625835582421849
GyrA | Mycobacterium tuberculosis,CNP0111108_0,ORPHAN,G88A,4.18,0.7090981819356789
GyrA | Mycobacterium tuberculosis,CNP0111108_0,ORPHAN,G88C,4.18,0.8946350621082152
GyrA | Mycobacterium tuberculosis,CNP0111108_0,ORPHAN,A90V,2.69,0.599234781454768
GyrA | Mycobacterium tuberculosis,CNP0111108_0,ORPHAN,A90G,2.69,0.5079375039043336
GyrA | Mycobacterium tuberculosis,CNP0111108_0,ORPHAN,A90S,2.69,0.9590814984606235
GyrA | Mycobacterium tuberculosis,CNP0111108_0,ORPHAN,A90V,2.69,0.599234781454768
GyrA | Mycobacterium tuberculosis,CNP0111108_0,ORPHAN,S91P,3.69,1.0409487270851228
GyrA | Mycobacterium tuberculosis,CNP0111108_0,ORPHAN,D94A,5.11,0.5908624226437617
GyrA | Mycobacterium tuberculosis,CNP0111108_0,ORPHAN,D94G,5.11,0.3617797367646188
GyrA | Mycobacterium tuberculosis,CNP0111108_0,ORPHAN,D94H,5.11,0.27333214845413023
GyrA | Mycobacterium tuberculosis,CNP0111108_0,ORPHAN,D94N,5.11,0.6339434719647852
GyrA | Mycobacterium tuberculosis,CNP0111108_0,ORPHAN,D94Y,5.11,0.9324934037431963
GyrA | Mycobacterium tuberculosis,CNP0111108_0,ORPHAN,D94G,5.11,0.3617797367646188
GyrA | Mycobacterium tuberculosis,CNP0111108_0,ORPHAN,D94H,5.11,0.27333214845413023
GyrA | Mycobacterium tuberculosis,CNP0121455_0,ORPHAN,G88A,4.18,0.5289335915879547
GyrA | Mycobacterium tuberculosis,CNP0121455_0,ORPHAN,G88C,4.18,0.7429524555052716
GyrA | Mycobacterium tuberculosis,CNP0121455_0,ORPHAN,A90V,2.69,0.5650178116786776
GyrA | Mycobacterium tuberculosis,CNP0121455_0,ORPHAN,A90G,2.69,0.5952247632864631
GyrA | Mycobacterium tuberculosis,CNP0121455_0,ORPHAN,A90S,2.69,0.891341368892881
GyrA | Mycobacterium tuberculosis,CNP0121455_0,ORPHAN,A90V,2.69,0.5650178116786776
GyrA | Mycobacterium tuberculosis,CNP0121455_0,ORPHAN,S91P,3.69,0.8212748991226737
GyrA | Mycobacterium tuberculosis,CNP0121455_0,ORPHAN,D94A,5.11,0.5646819533256789
GyrA | Mycobacterium tuberculosis,CNP0121455_0,ORPHAN,D94G,5.11,0.43033427986830014
GyrA | Mycobacterium tuberculosis,CNP0121455_0,ORPHAN,D94H,5.11,0.3892172500222934
GyrA | Mycobacterium tuberculosis,CNP0121455_0,ORPHAN,D94N,5.11,0.8099083819879767
GyrA | Mycobacterium tuberculosis,CNP0121455_0,ORPHAN,D94Y,5.11,1.0326628826278963
GyrA | Mycobacterium tuberculosis,CNP0121455_0,ORPHAN,D94G,5.11,0.43033427986830014
GyrA | Mycobacterium tuberculosis,CNP0121455_0,ORPHAN,D94H,5.11,0.3892172500222934
GyrA | Mycobacterium tuberculosis,CNP0150606_0,ORPHAN,G88A,4.18,0.29624330208890576
GyrA | Mycobacterium tuberculosis,CNP0150606_0,ORPHAN,G88C,4.18,0.5978876521433106
GyrA | Mycobacterium tuberculosis,CNP0150606_0,ORPHAN,A90V,2.69,0.35053035732988674
GyrA | Mycobacterium tuberculosis,CNP0150606_0,ORPHAN,A90G,2.69,0.7079708579333034
GyrA | Mycobacterium tuberculosis,CNP0150606_0,ORPHAN,A90S,2.69,1.0122019097412378
GyrA | Mycobacterium tuberculosis,CNP0150606_0,ORPHAN,A90V,2.69,0.35053035732988674
GyrA | Mycobacterium tuberculosis,CNP0150606_0,ORPHAN,S91P,3.69,0.693963290874235
GyrA | Mycobacterium tuberculosis,CNP0150606_0,ORPHAN,D94A,5.11,0.15532149469598058
GyrA | Mycobacterium tuberculosis,CNP0150606_0,ORPHAN,D94G,5.11,0.1551455221680323
GyrA | Mycobacterium tuberculosis,CNP0150606_0,ORPHAN,D94H,5.11,-0.05078529022198019
GyrA | Mycobacterium tuberculosis,CNP0150606_0,ORPHAN,D94N,5.11,0.40929074028742896
GyrA | Mycobacterium tuberculosis,CNP0150606_0,ORPHAN,D94Y,5.11,0.5755971156814637
GyrA | Mycobacterium tuberculosis,CNP0150606_0,ORPHAN,D94G,5.11,0.1551455221680323
GyrA | Mycobacterium tuberculosis,CNP0150606_0,ORPHAN,D94H,5.11,-0.05078529022198019
GyrA | Mycobacterium tuberculosis,CNP0171859_0,ORPHAN,G88A,4.18,0.5693242059677173
GyrA | Mycobacterium tuberculosis,CNP0171859_0,ORPHAN,G88C,4.18,0.7461625933213998
GyrA | Mycobacterium tuberculosis,CNP0171859_0,ORPHAN,A90V,2.69,0.3968975468961883
GyrA | Mycobacterium tuberculosis,CNP0171859_0,ORPHAN,A90G,2.69,0.37341799182534474
GyrA | Mycobacterium tuberculosis,CNP0171859_0,ORPHAN,A90S,2.69,0.7241233153456993
GyrA | Mycobacterium tuberculosis,CNP0171859_0,ORPHAN,A90V,2.69,0.3968975468961883
GyrA | Mycobacterium tuberculosis,CNP0171859_0,ORPHAN,S91P,3.69,0.7218430052736654
GyrA | Mycobacterium tuberculosis,CNP0171859_0,ORPHAN,D94A,5.11,0.3510664843116532
GyrA | Mycobacterium tuberculosis,CNP0171859_0,ORPHAN,D94G,5.11,0.12061966553692006
GyrA | Mycobacterium tuberculosis,CNP0171859_0,ORPHAN,D94H,5.11,0.032630153480900606
GyrA | Mycobacterium tuberculosis,CNP0171859_0,ORPHAN,D94N,5.11,0.39584539695987203
GyrA | Mycobacterium tuberculosis,CNP0171859_0,ORPHAN,D94Y,5.11,0.7138385039246948
GyrA | Mycobacterium tuberculosis,CNP0171859_0,ORPHAN,D94G,5.11,0.12061966553692006
GyrA | Mycobacterium tuberculosis,CNP0171859_0,ORPHAN,D94H,5.11,0.032630153480900606
GyrA | Mycobacterium tuberculosis,CNP0244638_0,ORPHAN,G88A,4.18,0.29858353994133857
GyrA | Mycobacterium tuberculosis,CNP0244638_0,ORPHAN,G88C,4.18,0.5094322885221017
GyrA | Mycobacterium tuberculosis,CNP0244638_0,ORPHAN,A90V,2.69,0.23528390514022904
GyrA | Mycobacterium tuberculosis,CNP0244638_0,ORPHAN,A90G,2.69,0.4560778211452913
GyrA | Mycobacterium tuberculosis,CNP0244638_0,ORPHAN,A90S,2.69,0.8259570636994757
GyrA | Mycobacterium tuberculosis,CNP0244638_0,ORPHAN,A90V,2.69,0.23528390514022904
GyrA | Mycobacterium tuberculosis,CNP0244638_0,ORPHAN,S91P,3.69,0.49844524892943765
GyrA | Mycobacterium tuberculosis,CNP0244638_0,ORPHAN,D94A,5.11,0.0034404565200304993
GyrA | Mycobacterium tuberculosis,CNP0244638_0,ORPHAN,D94G,5.11,-0.006866647609772162
GyrA | Mycobacterium tuberculosis,CNP0244638_0,ORPHAN,D94H,5.11,-0.19549351394842962
GyrA | Mycobacterium tuberculosis,CNP0244638_0,ORPHAN,D94N,5.11,0.28738714101445517
GyrA | Mycobacterium tuberculosis,CNP0244638_0,ORPHAN,D94Y,5.11,0.4803402583714224
GyrA | Mycobacterium tuberculosis,CNP0244638_0,ORPHAN,D94G,5.11,-0.006866647609772162
GyrA | Mycobacterium tuberculosis,CNP0244638_0,ORPHAN,D94H,5.11,-0.19549351394842962
GyrA | Mycobacterium tuberculosis,CNP0253912_0,ORPHAN,G88A,4.18,0.12819225168835077
GyrA | Mycobacterium tuberculosis,CNP0253912_0,ORPHAN,G88C,4.18,0.4079668722746992
GyrA | Mycobacterium tuberculosis,CNP0253912_0,ORPHAN,A90V,2.69,0.2649401676240571
GyrA | Mycobacterium tuberculosis,CNP0253912_0,ORPHAN,A90G,2.69,0.6079816106351511
GyrA | Mycobacterium tuberculosis,CNP0253912_0,ORPHAN,A90S,2.69,0.712709661926035
GyrA | Mycobacterium tuberculosis,CNP0253912_0,ORPHAN,A90V,2.69,0.2649401676240571
GyrA | Mycobacterium tuberculosis,CNP0253912_0,ORPHAN,S91P,3.69,0.896032234538708
GyrA | Mycobacterium tuberculosis,CNP0253912_0,ORPHAN,D94A,5.11,0.20602283286487164
GyrA | Mycobacterium tuberculosis,CNP0253912_0,ORPHAN,D94G,5.11,0.2934150269195433
GyrA | Mycobacterium tuberculosis,CNP0253912_0,ORPHAN,D94H,5.11,-0.08393071753617497
GyrA | Mycobacterium tuberculosis,CNP0253912_0,ORPHAN,D94N,5.11,0.2751571554247831
GyrA | Mycobacterium tuberculosis,CNP0253912_0,ORPHAN,D94Y,5.11,0.23404774221660274
GyrA | Mycobacterium tuberculosis,CNP0253912_0,ORPHAN,D94G,5.11,0.2934150269195433
GyrA | Mycobacterium tuberculosis,CNP0253912_0,ORPHAN,D94H,5.11,-0.08393071753617497
GyrA | Mycobacterium tuberculosis,CNP0324621_0,ORPHAN,G88A,4.18,-0.146007835702055
GyrA | Mycobacterium tuberculosis,CNP0324621_0,ORPHAN,G88C,4.18,0.10340310484492408
GyrA | Mycobacterium tuberculosis,CNP0324621_0,ORPHAN,A90V,2.69,-0.16952379048854546
GyrA | Mycobacterium tuberculosis,CNP0324621_0,ORPHAN,A90G,2.69,0.09611666749520516
GyrA | Mycobacterium tuberculosis,CNP0324621_0,ORPHAN,A90S,2.69,0.5399809856314115
GyrA | Mycobacterium tuberculosis,CNP0324621_0,ORPHAN,A90V,2.69,-0.16952379048854546
GyrA | Mycobacterium tuberculosis,CNP0324621_0,ORPHAN,S91P,3.69,0.07338155194266545
GyrA | Mycobacterium tuberculosis,CNP0324621_0,ORPHAN,D94A,5.11,-0.3838326328727419
GyrA | Mycobacterium tuberculosis,CNP0324621_0,ORPHAN,D94G,5.11,-0.47360629737908144
GyrA | Mycobacterium tuberculosis,CNP0324621_0,ORPHAN,D94H,5.11,-0.7179954302959506
GyrA | Mycobacterium tuberculosis,CNP0324621_0,ORPHAN,D94N,5.11,-0.2311106390939725
GyrA | Mycobacterium tuberculosis,CNP0324621_0,ORPHAN,D94Y,5.11,-0.042161657976098346
GyrA | Mycobacterium tuberculosis,CNP0324621_0,ORPHAN,D94G,5.11,-0.47360629737908144
GyrA | Mycobacterium tuberculosis,CNP0324621_0,ORPHAN,D94H,5.11,-0.7179954302959506
GyrA | Mycobacterium tuberculosis,CNP0327881_0,ORPHAN,G88A,4.18,0.6500902817036907
GyrA | Mycobacterium tuberculosis,CNP0327881_0,ORPHAN,G88C,4.18,0.8356271618762272
GyrA | Mycobacterium tuberculosis,CNP0327881_0,ORPHAN,A90V,2.69,0.3816451620812536
GyrA | Mycobacterium tuberculosis,CNP0327881_0,ORPHAN,A90G,2.69,0.5947709390312418
GyrA | Mycobacterium tuberculosis,CNP0327881_0,ORPHAN,A90S,2.69,0.8919193309483897
GyrA | Mycobacterium tuberculosis,CNP0327881_0,ORPHAN,A90V,2.69,0.3816451620812536
GyrA | Mycobacterium tuberculosis,CNP0327881_0,ORPHAN,S91P,3.69,1.3182912249000884
GyrA | Mycobacterium tuberculosis,CNP0327881_0,ORPHAN,D94A,5.11,0.5816892665955156
GyrA | Mycobacterium tuberculosis,CNP0327881_0,ORPHAN,D94G,5.11,0.3586784879695634
GyrA | Mycobacterium tuberculosis,CNP0327881_0,ORPHAN,D94H,5.11,0.26415899240588403
GyrA | Mycobacterium tuberculosis,CNP0327881_0,ORPHAN,D94N,5.11,0.6499437627568583
GyrA | Mycobacterium tuberculosis,CNP0327881_0,ORPHAN,D94Y,5.11,0.9293921549481409
GyrA | Mycobacterium tuberculosis,CNP0327881_0,ORPHAN,D94G,5.11,0.3586784879695634
GyrA | Mycobacterium tuberculosis,CNP0327881_0,ORPHAN,D94H,5.11,0.26415899240588403
GyrA | Mycobacterium tuberculosis,CNP0354281_0,ORPHAN,G88A,4.18,0.148572230891615
GyrA | Mycobacterium tuberculosis,CNP0354281_0,ORPHAN,G88C,4.18,0.3594209794723783
GyrA | Mycobacterium tuberculosis,CNP0354281_0,ORPHAN,A90V,2.69,0.14735720072548544
GyrA | Mycobacterium tuberculosis,CNP0354281_0,ORPHAN,A90G,2.69,0.3511723347522486
GyrA | Mycobacterium tuberculosis,CNP0354281_0,ORPHAN,A90S,2.69,0.6751811075748214
GyrA | Mycobacterium tuberculosis,CNP0354281_0,ORPHAN,A90V,2.69,0.14735720072548544
GyrA | Mycobacterium tuberculosis,CNP0354281_0,ORPHAN,S91P,3.69,0.45654626119115826
GyrA | Mycobacterium tuberculosis,CNP0354281_0,ORPHAN,D94A,5.11,-0.17142733675119579
GyrA | Mycobacterium tuberculosis,CNP0354281_0,ORPHAN,D94G,5.11,-0.22894523730200075
GyrA | Mycobacterium tuberculosis,CNP0354281_0,ORPHAN,D94H,5.11,-0.4839894839356811
GyrA | Mycobacterium tuberculosis,CNP0354281_0,ORPHAN,D94N,5.11,-0.04035257331391992
GyrA | Mycobacterium tuberculosis,CNP0354281_0,ORPHAN,D94Y,5.11,0.1664168194232988
GyrA | Mycobacterium tuberculosis,CNP0354281_0,ORPHAN,D94G,5.11,-0.22894523730200075
GyrA | Mycobacterium tuberculosis,CNP0354281_0,ORPHAN,D94H,5.11,-0.4839894839356811
GyrA | Mycobacterium tuberculosis,CNP0398749_0,ORPHAN,G88A,4.18,0.6500902817036907
GyrA | Mycobacterium tuberculosis,CNP0398749_0,ORPHAN,G88C,4.18,0.8356271618762272
GyrA | Mycobacterium tuberculosis,CNP0398749_0,ORPHAN,A90V,2.69,0.55420559259187
GyrA | Mycobacterium tuberculosis,CNP0398749_0,ORPHAN,A90G,2.69,0.45917098058349426
GyrA | Mycobacterium tuberculosis,CNP0398749_0,ORPHAN,A90S,2.69,0.9103149751397841
GyrA | Mycobacterium tuberculosis,CNP0398749_0,ORPHAN,A90V,2.69,0.55420559259187
GyrA | Mycobacterium tuberculosis,CNP0398749_0,ORPHAN,S91P,3.69,1.0409487270851228
GyrA | Mycobacterium tuberculosis,CNP0398749_0,ORPHAN,D94A,5.11,0.5948095385513229
GyrA | Mycobacterium tuberculosis,CNP0398749_0,ORPHAN,D94G,5.11,0.3643627197765909
GyrA | Mycobacterium tuberculosis,CNP0398749_0,ORPHAN,D94H,5.11,0.3199956835258807
GyrA | Mycobacterium tuberculosis,CNP0398749_0,ORPHAN,D94N,5.11,0.6616117532402352
GyrA | Mycobacterium tuberculosis,CNP0398749_0,ORPHAN,D94Y,5.11,0.9704019868848597
GyrA | Mycobacterium tuberculosis,CNP0398749_0,ORPHAN,D94G,5.11,0.3643627197765909
GyrA | Mycobacterium tuberculosis,CNP0398749_0,ORPHAN,D94H,5.11,0.3199956835258807
GyrA | Mycobacterium tuberculosis,CNP0455110_0,ORPHAN,G88A,4.18,0.19424145858956138
GyrA | Mycobacterium tuberculosis,CNP0455110_0,ORPHAN,G88C,4.18,0.20688920400725008
GyrA | Mycobacterium tuberculosis,CNP0455110_0,ORPHAN,A90V,2.69,0.3456499160380659
GyrA | Mycobacterium tuberculosis,CNP0455110_0,ORPHAN,A90G,2.69,0.6799427100602478
GyrA | Mycobacterium tuberculosis,CNP0455110_0,ORPHAN,A90S,2.69,0.7996137781045343
GyrA | Mycobacterium tuberculosis,CNP0455110_0,ORPHAN,A90V,2.69,0.3456499160380659
GyrA | Mycobacterium tuberculosis,CNP0455110_0,ORPHAN,S91P,3.69,1.0760517350716445
GyrA | Mycobacterium tuberculosis,CNP0455110_0,ORPHAN,D94A,5.11,-0.06777949467990892
GyrA | Mycobacterium tuberculosis,CNP0455110_0,ORPHAN,D94G,5.11,-0.08344725110789235
GyrA | Mycobacterium tuberculosis,CNP0455110_0,ORPHAN,D94H,5.11,-0.3662925698596414
GyrA | Mycobacterium tuberculosis,CNP0455110_0,ORPHAN,D94N,5.11,0.13357090345358627
GyrA | Mycobacterium tuberculosis,CNP0455110_0,ORPHAN,D94Y,5.11,0.30730483494133104
GyrA | Mycobacterium tuberculosis,CNP0455110_0,ORPHAN,D94G,5.11,-0.08344725110789235
GyrA | Mycobacterium tuberculosis,CNP0455110_0,ORPHAN,D94H,5.11,-0.3662925698596414
GyrA | Mycobacterium tuberculosis,CNP0458976_0,ORPHAN,G88A,4.18,0.22371286378684063
GyrA | Mycobacterium tuberculosis,CNP0458976_0,ORPHAN,G88C,4.18,0.5122290274114689
GyrA | Mycobacterium tuberculosis,CNP0458976_0,ORPHAN,A90V,2.69,0.22529461491328412
GyrA | Mycobacterium tuberculosis,CNP0458976_0,ORPHAN,A90G,2.69,0.4277023107905686
GyrA | Mycobacterium tuberculosis,CNP0458976_0,ORPHAN,A90S,2.69,0.7698418441443909
GyrA | Mycobacterium tuberculosis,CNP0458976_0,ORPHAN,A90V,2.69,0.22529461491328412
GyrA | Mycobacterium tuberculosis,CNP0458976_0,ORPHAN,S91P,3.69,0.48809096554867826
GyrA | Mycobacterium tuberculosis,CNP0458976_0,ORPHAN,D94A,5.11,-0.1567292644165641
GyrA | Mycobacterium tuberculosis,CNP0458976_0,ORPHAN,D94G,5.11,-0.17462071360533085
GyrA | Mycobacterium tuberculosis,CNP0458976_0,ORPHAN,D94H,5.11,-0.356071826000695
GyrA | Mycobacterium tuberculosis,CNP0458976_0,ORPHAN,D94N,5.11,0.06965608961300188
GyrA | Mycobacterium tuberculosis,CNP0458976_0,ORPHAN,D94Y,5.11,0.27031057990274915
GyrA | Mycobacterium tuberculosis,CNP0458976_0,ORPHAN,D94G,5.11,-0.17462071360533085
GyrA | Mycobacterium tuberculosis,CNP0458976_0,ORPHAN,D94H,5.11,-0.356071826000695
GyrA | Mycobacterium tuberculosis,CNP0491294_0,ORPHAN,G88A,4.18,0.34826296253938555
GyrA | Mycobacterium tuberculosis,CNP0491294_0,ORPHAN,G88C,4.18,0.64990731259379
GyrA | Mycobacterium tuberculosis,CNP0491294_0,ORPHAN,A90V,2.69,0.5166457304912621
GyrA | Mycobacterium tuberculosis,CNP0491294_0,ORPHAN,A90G,2.69,0.7187738064117928
GyrA | Mycobacterium tuberculosis,CNP0491294_0,ORPHAN,A90S,2.69,1.0468610234990003
GyrA | Mycobacterium tuberculosis,CNP0491294_0,ORPHAN,A90V,2.69,0.5166457304912621
GyrA | Mycobacterium tuberculosis,CNP0491294_0,ORPHAN,S91P,3.69,0.9396442817188018
GyrA | Mycobacterium tuberculosis,CNP0491294_0,ORPHAN,D94A,5.11,0.23021958847453672
GyrA | Mycobacterium tuberculosis,CNP0491294_0,ORPHAN,D94G,5.11,0.213692272181359
GyrA | Mycobacterium tuberculosis,CNP0491294_0,ORPHAN,D94H,5.11,0.13553624400133327
GyrA | Mycobacterium tuberculosis,CNP0491294_0,ORPHAN,D94N,5.11,0.6391408826867808
GyrA | Mycobacterium tuberculosis,CNP0491294_0,ORPHAN,D94Y,5.11,0.7706736018348642
GyrA | Mycobacterium tuberculosis,CNP0491294_0,ORPHAN,D94G,5.11,0.213692272181359
GyrA | Mycobacterium tuberculosis,CNP0491294_0,ORPHAN,D94H,5.11,0.13553624400133327
GyrA | Mycobacterium tuberculosis,CNP0493385_1,ORPHAN,G88A,4.18,0.4891090677735973
GyrA | Mycobacterium tuberculosis,CNP0493385_1,ORPHAN,G88C,4.18,0.7952951550589463
GyrA | Mycobacterium tuberculosis,CNP0493385_1,ORPHAN,A90V,2.69,0.5694806955507649
GyrA | Mycobacterium tuberculosis,CNP0493385_1,ORPHAN,A90G,2.69,0.5525215544950027
GyrA | Mycobacterium tuberculosis,CNP0493385_1,ORPHAN,A90S,2.69,1.0648204223032653
GyrA | Mycobacterium tuberculosis,CNP0493385_1,ORPHAN,A90V,2.69,0.5694806955507649
GyrA | Mycobacterium tuberculosis,CNP0493385_1,ORPHAN,S91P,3.69,0.9893334457757209
GyrA | Mycobacterium tuberculosis,CNP0493385_1,ORPHAN,D94A,5.11,0.10466409778181775
GyrA | Mycobacterium tuberculosis,CNP0493385_1,ORPHAN,D94G,5.11,0.0034731972670125994
GyrA | Mycobacterium tuberculosis,CNP0493385_1,ORPHAN,D94H,5.11,-0.1288944025747107
GyrA | Mycobacterium tuberculosis,CNP0493385_1,ORPHAN,D94N,5.11,0.26682461577862376
GyrA | Mycobacterium tuberculosis,CNP0493385_1,ORPHAN,D94Y,5.11,0.562515428023206
GyrA | Mycobacterium tuberculosis,CNP0493385_1,ORPHAN,D94G,5.11,0.0034731972670125994
GyrA | Mycobacterium tuberculosis,CNP0493385_1,ORPHAN,D94H,5.11,-0.1288944025747107
GyrA | Mycobacterium tuberculosis,CNP0511912_1,ORPHAN,G88A,4.18,0.2614370966272715
GyrA | Mycobacterium tuberculosis,CNP0511912_1,ORPHAN,G88C,4.18,0.5046435686353152
GyrA | Mycobacterium tuberculosis,CNP0511912_1,ORPHAN,A90V,2.69,0.26029175030274754
GyrA | Mycobacterium tuberculosis,CNP0511912_1,ORPHAN,A90G,2.69,0.44114359782156526
GyrA | Mycobacterium tuberculosis,CNP0511912_1,ORPHAN,A90S,2.69,0.8238195328227107
GyrA | Mycobacterium tuberculosis,CNP0511912_1,ORPHAN,A90V,2.69,0.26029175030274754
GyrA | Mycobacterium tuberculosis,CNP0511912_1,ORPHAN,S91P,3.69,0.7454817726964781
GyrA | Mycobacterium tuberculosis,CNP0511912_1,ORPHAN,D94A,5.11,-0.05785398506168288
GyrA | Mycobacterium tuberculosis,CNP0511912_1,ORPHAN,D94G,5.11,-0.07574543425044954
GyrA | Mycobacterium tuberculosis,CNP0511912_1,ORPHAN,D94H,5.11,-0.2915228491416801
GyrA | Mycobacterium tuberculosis,CNP0511912_1,ORPHAN,D94N,5.11,0.12544591056051063
GyrA | Mycobacterium tuberculosis,CNP0511912_1,ORPHAN,D94Y,5.11,0.36724769647601485
GyrA | Mycobacterium tuberculosis,CNP0511912_1,ORPHAN,D94G,5.11,-0.07574543425044954
GyrA | Mycobacterium tuberculosis,CNP0511912_1,ORPHAN,D94H,5.11,-0.2915228491416801
GyrA | Mycobacterium tuberculosis,CNP0530002_0,ORPHAN,G88A,4.18,0.2981291157669947
GyrA | Mycobacterium tuberculosis,CNP0530002_0,ORPHAN,G88C,4.18,0.5401678828731271
GyrA | Mycobacterium tuberculosis,CNP0530002_0,ORPHAN,A90V,2.69,0.30714369090234545
GyrA | Mycobacterium tuberculosis,CNP0530002_0,ORPHAN,A90G,2.69,0.4189807389018495
GyrA | Mycobacterium tuberculosis,CNP0530002_0,ORPHAN,A90S,2.69,0.8892986524919684
GyrA | Mycobacterium tuberculosis,CNP0530002_0,ORPHAN,A90V,2.69,0.30714369090234545
GyrA | Mycobacterium tuberculosis,CNP0530002_0,ORPHAN,S91P,3.69,0.6787755361402901
GyrA | Mycobacterium tuberculosis,CNP0530002_0,ORPHAN,D94A,5.11,-0.10397927781024044
GyrA | Mycobacterium tuberculosis,CNP0530002_0,ORPHAN,D94G,5.11,-0.1541063593265476
GyrA | Mycobacterium tuberculosis,CNP0530002_0,ORPHAN,D94H,5.11,-0.2115603875483911
GyrA | Mycobacterium tuberculosis,CNP0530002_0,ORPHAN,D94N,5.11,0.19688236830890696
GyrA | Mycobacterium tuberculosis,CNP0530002_0,ORPHAN,D94Y,5.11,0.4217826891084314
GyrA | Mycobacterium tuberculosis,CNP0530002_0,ORPHAN,D94G,5.11,-0.1541063593265476
GyrA | Mycobacterium tuberculosis,CNP0530002_0,ORPHAN,D94H,5.11,-0.2115603875483911
GyrA | Mycobacterium tuberculosis,CNP0581792_0,ORPHAN,G88A,4.18,0.11313966206915181
GyrA | Mycobacterium tuberculosis,CNP0581792_0,ORPHAN,G88C,4.18,0.39291428265550055
GyrA | Mycobacterium tuberculosis,CNP0581792_0,ORPHAN,A90V,2.69,0.1547222777653259
GyrA | Mycobacterium tuberculosis,CNP0581792_0,ORPHAN,A90G,2.69,0.36587151668089085
GyrA | Mycobacterium tuberculosis,CNP0581792_0,ORPHAN,A90S,2.69,0.7080110500347131
GyrA | Mycobacterium tuberculosis,CNP0581792_0,ORPHAN,A90V,2.69,0.1547222777653259
GyrA | Mycobacterium tuberculosis,CNP0581792_0,ORPHAN,S91P,3.69,0.3369520313094664
GyrA | Mycobacterium tuberculosis,CNP0581792_0,ORPHAN,D94A,5.11,-0.25355967874443186
GyrA | Mycobacterium tuberculosis,CNP0581792_0,ORPHAN,D94G,5.11,-0.2714511279331985
GyrA | Mycobacterium tuberculosis,CNP0581792_0,ORPHAN,D94H,5.11,-0.4573547192797565
GyrA | Mycobacterium tuberculosis,CNP0581792_0,ORPHAN,D94N,5.11,-0.008652095786108236
GyrA | Mycobacterium tuberculosis,CNP0581792_0,ORPHAN,D94Y,5.11,0.16902768662368753
GyrA | Mycobacterium tuberculosis,CNP0581792_0,ORPHAN,D94G,5.11,-0.2714511279331985
GyrA | Mycobacterium tuberculosis,CNP0581792_0,ORPHAN,D94H,5.11,-0.4573547192797565
GyrA | Mycobacterium tuberculosis,DRUG,DRUG,G88A,4.18,0.09210239216567148
GyrA | Mycobacterium tuberculosis,DRUG,DRUG,G88C,4.18,0.302951140746435
GyrA | Mycobacterium tuberculosis,DRUG,DRUG,A90V,2.69,0.12536551745985872
GyrA | Mycobacterium tuberculosis,DRUG,DRUG,A90G,2.69,0.32694220736602675
GyrA | Mycobacterium tuberculosis,DRUG,DRUG,A90S,2.69,0.792224339415606
GyrA | Mycobacterium tuberculosis,DRUG,DRUG,A90V,2.69,0.12536551745985872
GyrA | Mycobacterium tuberculosis,DRUG,DRUG,S91P,3.69,0.6216217826558434
GyrA | Mycobacterium tuberculosis,DRUG,DRUG,D94A,5.11,-0.26750520275460565
GyrA | Mycobacterium tuberculosis,DRUG,DRUG,D94G,5.11,-0.29876276016268116
GyrA | Mycobacterium tuberculosis,DRUG,DRUG,D94H,5.11,-0.5610733176852212
GyrA | Mycobacterium tuberculosis,DRUG,DRUG,D94N,5.11,-0.04609432897941575
GyrA | Mycobacterium tuberculosis,DRUG,DRUG,D94Y,5.11,0.11439511733451022
GyrA | Mycobacterium tuberculosis,DRUG,DRUG,D94G,5.11,-0.29876276016268116
GyrA | Mycobacterium tuberculosis,DRUG,DRUG,D94H,5.11,-0.5610733176852212
GyrA | Mycobacterium tuberculosis,GyrA_pos,POSITIVE,G88A,4.18,0.08039112529919169
GyrA | Mycobacterium tuberculosis,GyrA_pos,POSITIVE,G88C,4.18,0.3071910500506168
GyrA | Mycobacterium tuberculosis,GyrA_pos,POSITIVE,A90V,2.69,0.14688481446557985
GyrA | Mycobacterium tuberculosis,GyrA_pos,POSITIVE,A90G,2.69,0.16324749648615708
GyrA | Mycobacterium tuberculosis,GyrA_pos,POSITIVE,A90S,2.69,0.4521186323152189
GyrA | Mycobacterium tuberculosis,GyrA_pos,POSITIVE,A90V,2.69,0.14688481446557985
GyrA | Mycobacterium tuberculosis,GyrA_pos,POSITIVE,S91P,3.69,0.6353756921770363
GyrA | Mycobacterium tuberculosis,GyrA_pos,POSITIVE,D94A,5.11,-0.021402229945664243
GyrA | Mycobacterium tuberculosis,GyrA_pos,POSITIVE,D94G,5.11,-0.0622019547124916
GyrA | Mycobacterium tuberculosis,GyrA_pos,POSITIVE,D94H,5.11,-0.22398153044062336
GyrA | Mycobacterium tuberculosis,GyrA_pos,POSITIVE,D94N,5.11,0.21674801193591034
GyrA | Mycobacterium tuberculosis,GyrA_pos,POSITIVE,D94Y,5.11,0.43670343331035677
GyrA | Mycobacterium tuberculosis,GyrA_pos,POSITIVE,D94G,5.11,-0.0622019547124916
GyrA | Mycobacterium tuberculosis,GyrA_pos,POSITIVE,D94H,5.11,-0.22398153044062336
GyrA | Mycobacterium tuberculosis,POSITIVE_CONTROL,POSITIVE,G88A,4.18,0.2943008774332086
GyrA | Mycobacterium tuberculosis,POSITIVE_CONTROL,POSITIVE,G88C,4.18,0.5375073494412523
GyrA | Mycobacterium tuberculosis,POSITIVE_CONTROL,POSITIVE,A90V,2.69,0.20221095581756657
GyrA | Mycobacterium tuberculosis,POSITIVE_CONTROL,POSITIVE,A90G,2.69,0.4561246517798383
GyrA | Mycobacterium tuberculosis,POSITIVE_CONTROL,POSITIVE,A90S,2.69,0.7654937584353999
GyrA | Mycobacterium tuberculosis,POSITIVE_CONTROL,POSITIVE,A90V,2.69,0.20221095581756657
GyrA | Mycobacterium tuberculosis,POSITIVE_CONTROL,POSITIVE,S91P,3.69,0.6619514617686605
GyrA | Mycobacterium tuberculosis,POSITIVE_CONTROL,POSITIVE,D94A,5.11,-0.08428595505316905
GyrA | Mycobacterium tuberculosis,POSITIVE_CONTROL,POSITIVE,D94G,5.11,-0.09069869916820149
GyrA | Mycobacterium tuberculosis,POSITIVE_CONTROL,POSITIVE,D94H,5.11,-0.4575864117209915
GyrA | Mycobacterium tuberculosis,POSITIVE_CONTROL,POSITIVE,D94N,5.11,0.006895998708022894
GyrA | Mycobacterium tuberculosis,POSITIVE_CONTROL,POSITIVE,D94Y,5.11,0.22624626555745453
GyrA | Mycobacterium tuberculosis,POSITIVE_CONTROL,POSITIVE,D94G,5.11,-0.09069869916820149
GyrA | Mycobacterium tuberculosis,POSITIVE_CONTROL,POSITIVE,D94H,5.11,-0.4575864117209915
GyrA | Staphylococcus aureus,CNP0045640_0,ORPHAN,S84L,2.65,
GyrA | Staphylococcus aureus,CNP0045640_0,ORPHAN,S84A,2.65,
GyrA | Staphylococcus aureus,CNP0045640_0,ORPHAN,S85P,5.58,
GyrA | Staphylococcus aureus,CNP0045640_0,ORPHAN,E88K,5.11,
GyrA | Staphylococcus aureus,CNP0045640_0,ORPHAN,E88G,5.11,
GyrA | Staphylococcus aureus,CNP0056917_0,ORPHAN,S84L,2.65,
GyrA | Staphylococcus aureus,CNP0056917_0,ORPHAN,S84A,2.65,
GyrA | Staphylococcus aureus,CNP0056917_0,ORPHAN,S85P,5.58,
GyrA | Staphylococcus aureus,CNP0056917_0,ORPHAN,E88K,5.11,
GyrA | Staphylococcus aureus,CNP0056917_0,ORPHAN,E88G,5.11,
GyrA | Staphylococcus aureus,CNP0065494_0,ORPHAN,S84L,2.65,
GyrA | Staphylococcus aureus,CNP0065494_0,ORPHAN,S84A,2.65,
GyrA | Staphylococcus aureus,CNP0065494_0,ORPHAN,S85P,5.58,
GyrA | Staphylococcus aureus,CNP0065494_0,ORPHAN,E88K,5.11,
GyrA | Staphylococcus aureus,CNP0065494_0,ORPHAN,E88G,5.11,
GyrA | Staphylococcus aureus,CNP0068645_0,ORPHAN,S84L,2.65,
GyrA | Staphylococcus aureus,CNP0068645_0,ORPHAN,S84A,2.65,
GyrA | Staphylococcus aureus,CNP0068645_0,ORPHAN,S85P,5.58,
GyrA | Staphylococcus aureus,CNP0068645_0,ORPHAN,E88K,5.11,
GyrA | Staphylococcus aureus,CNP0068645_0,ORPHAN,E88G,5.11,
GyrA | Staphylococcus aureus,CNP0105007_1,ORPHAN,S84L,2.65,
GyrA | Staphylococcus aureus,CNP0105007_1,ORPHAN,S84A,2.65,
GyrA | Staphylococcus aureus,CNP0105007_1,ORPHAN,S85P,5.58,
GyrA | Staphylococcus aureus,CNP0105007_1,ORPHAN,E88K,5.11,
GyrA | Staphylococcus aureus,CNP0105007_1,ORPHAN,E88G,5.11,
GyrA | Staphylococcus aureus,CNP0105007_2,ORPHAN,S84L,2.65,
GyrA | Staphylococcus aureus,CNP0105007_2,ORPHAN,S84A,2.65,
GyrA | Staphylococcus aureus,CNP0105007_2,ORPHAN,S85P,5.58,
GyrA | Staphylococcus aureus,CNP0105007_2,ORPHAN,E88K,5.11,
GyrA | Staphylococcus aureus,CNP0105007_2,ORPHAN,E88G,5.11,
GyrA | Staphylococcus aureus,CNP0111108_0,ORPHAN,S84L,2.65,
GyrA | Staphylococcus aureus,CNP0111108_0,ORPHAN,S84A,2.65,
GyrA | Staphylococcus aureus,CNP0111108_0,ORPHAN,S85P,5.58,
GyrA | Staphylococcus aureus,CNP0111108_0,ORPHAN,E88K,5.11,
GyrA | Staphylococcus aureus,CNP0111108_0,ORPHAN,E88G,5.11,
GyrA | Staphylococcus aureus,CNP0121455_0,ORPHAN,S84L,2.65,
GyrA | Staphylococcus aureus,CNP0121455_0,ORPHAN,S84A,2.65,
GyrA | Staphylococcus aureus,CNP0121455_0,ORPHAN,S85P,5.58,
GyrA | Staphylococcus aureus,CNP0121455_0,ORPHAN,E88K,5.11,
GyrA | Staphylococcus aureus,CNP0121455_0,ORPHAN,E88G,5.11,
GyrA | Staphylococcus aureus,CNP0150606_0,ORPHAN,S84L,2.65,
GyrA | Staphylococcus aureus,CNP0150606_0,ORPHAN,S84A,2.65,
GyrA | Staphylococcus aureus,CNP0150606_0,ORPHAN,S85P,5.58,
GyrA | Staphylococcus aureus,CNP0150606_0,ORPHAN,E88K,5.11,
GyrA | Staphylococcus aureus,CNP0150606_0,ORPHAN,E88G,5.11,
GyrA | Staphylococcus aureus,CNP0171859_0,ORPHAN,S84L,2.65,
GyrA | Staphylococcus aureus,CNP0171859_0,ORPHAN,S84A,2.65,
GyrA | Staphylococcus aureus,CNP0171859_0,ORPHAN,S85P,5.58,
GyrA | Staphylococcus aureus,CNP0171859_0,ORPHAN,E88K,5.11,
GyrA | Staphylococcus aureus,CNP0171859_0,ORPHAN,E88G,5.11,
GyrA | Staphylococcus aureus,CNP0244638_0,ORPHAN,S84L,2.65,
GyrA | Staphylococcus aureus,CNP0244638_0,ORPHAN,S84A,2.65,
GyrA | Staphylococcus aureus,CNP0244638_0,ORPHAN,S85P,5.58,
GyrA | Staphylococcus aureus,CNP0244638_0,ORPHAN,E88K,5.11,
GyrA | Staphylococcus aureus,CNP0244638_0,ORPHAN,E88G,5.11,
GyrA | Staphylococcus aureus,CNP0253912_0,ORPHAN,S84L,2.65,
GyrA | Staphylococcus aureus,CNP0253912_0,ORPHAN,S84A,2.65,
GyrA | Staphylococcus aureus,CNP0253912_0,ORPHAN,S85P,5.58,
GyrA | Staphylococcus aureus,CNP0253912_0,ORPHAN,E88K,5.11,
GyrA | Staphylococcus aureus,CNP0253912_0,ORPHAN,E88G,5.11,
GyrA | Staphylococcus aureus,CNP0324621_0,ORPHAN,S84L,2.65,
GyrA | Staphylococcus aureus,CNP0324621_0,ORPHAN,S84A,2.65,
GyrA | Staphylococcus aureus,CNP0324621_0,ORPHAN,S85P,5.58,
GyrA | Staphylococcus aureus,CNP0324621_0,ORPHAN,E88K,5.11,
GyrA | Staphylococcus aureus,CNP0324621_0,ORPHAN,E88G,5.11,
GyrA | Staphylococcus aureus,CNP0327881_0,ORPHAN,S84L,2.65,
GyrA | Staphylococcus aureus,CNP0327881_0,ORPHAN,S84A,2.65,
GyrA | Staphylococcus aureus,CNP0327881_0,ORPHAN,S85P,5.58,
GyrA | Staphylococcus aureus,CNP0327881_0,ORPHAN,E88K,5.11,
GyrA | Staphylococcus aureus,CNP0327881_0,ORPHAN,E88G,5.11,
GyrA | Staphylococcus aureus,CNP0354281_0,ORPHAN,S84L,2.65,
GyrA | Staphylococcus aureus,CNP0354281_0,ORPHAN,S84A,2.65,
GyrA | Staphylococcus aureus,CNP0354281_0,ORPHAN,S85P,5.58,
GyrA | Staphylococcus aureus,CNP0354281_0,ORPHAN,E88K,5.11,
GyrA | Staphylococcus aureus,CNP0354281_0,ORPHAN,E88G,5.11,
GyrA | Staphylococcus aureus,CNP0398749_0,ORPHAN,S84L,2.65,
GyrA | Staphylococcus aureus,CNP0398749_0,ORPHAN,S84A,2.65,
GyrA | Staphylococcus aureus,CNP0398749_0,ORPHAN,S85P,5.58,
GyrA | Staphylococcus aureus,CNP0398749_0,ORPHAN,E88K,5.11,
GyrA | Staphylococcus aureus,CNP0398749_0,ORPHAN,E88G,5.11,
GyrA | Staphylococcus aureus,CNP0455110_0,ORPHAN,S84L,2.65,
GyrA | Staphylococcus aureus,CNP0455110_0,ORPHAN,S84A,2.65,
GyrA | Staphylococcus aureus,CNP0455110_0,ORPHAN,S85P,5.58,
GyrA | Staphylococcus aureus,CNP0455110_0,ORPHAN,E88K,5.11,
GyrA | Staphylococcus aureus,CNP0455110_0,ORPHAN,E88G,5.11,
GyrA | Staphylococcus aureus,CNP0458976_0,ORPHAN,S84L,2.65,
GyrA | Staphylococcus aureus,CNP0458976_0,ORPHAN,S84A,2.65,
GyrA | Staphylococcus aureus,CNP0458976_0,ORPHAN,S85P,5.58,
GyrA | Staphylococcus aureus,CNP0458976_0,ORPHAN,E88K,5.11,
GyrA | Staphylococcus aureus,CNP0458976_0,ORPHAN,E88G,5.11,
GyrA | Staphylococcus aureus,CNP0491294_0,ORPHAN,S84L,2.65,
GyrA | Staphylococcus aureus,CNP0491294_0,ORPHAN,S84A,2.65,
GyrA | Staphylococcus aureus,CNP0491294_0,ORPHAN,S85P,5.58,
GyrA | Staphylococcus aureus,CNP0491294_0,ORPHAN,E88K,5.11,
GyrA | Staphylococcus aureus,CNP0491294_0,ORPHAN,E88G,5.11,
GyrA | Staphylococcus aureus,CNP0493385_1,ORPHAN,S84L,2.65,
GyrA | Staphylococcus aureus,CNP0493385_1,ORPHAN,S84A,2.65,
GyrA | Staphylococcus aureus,CNP0493385_1,ORPHAN,S85P,5.58,
GyrA | Staphylococcus aureus,CNP0493385_1,ORPHAN,E88K,5.11,
GyrA | Staphylococcus aureus,CNP0493385_1,ORPHAN,E88G,5.11,
GyrA | Staphylococcus aureus,CNP0511912_1,ORPHAN,S84L,2.65,
GyrA | Staphylococcus aureus,CNP0511912_1,ORPHAN,S84A,2.65,
GyrA | Staphylococcus aureus,CNP0511912_1,ORPHAN,S85P,5.58,
GyrA | Staphylococcus aureus,CNP0511912_1,ORPHAN,E88K,5.11,
GyrA | Staphylococcus aureus,CNP0511912_1,ORPHAN,E88G,5.11,
GyrA | Staphylococcus aureus,CNP0530002_0,ORPHAN,S84L,2.65,
GyrA | Staphylococcus aureus,CNP0530002_0,ORPHAN,S84A,2.65,
GyrA | Staphylococcus aureus,CNP0530002_0,ORPHAN,S85P,5.58,
GyrA | Staphylococcus aureus,CNP0530002_0,ORPHAN,E88K,5.11,
GyrA | Staphylococcus aureus,CNP0530002_0,ORPHAN,E88G,5.11,
GyrA | Staphylococcus aureus,CNP0581792_0,ORPHAN,S84L,2.65,
GyrA | Staphylococcus aureus,CNP0581792_0,ORPHAN,S84A,2.65,
GyrA | Staphylococcus aureus,CNP0581792_0,ORPHAN,S85P,5.58,
GyrA | Staphylococcus aureus,CNP0581792_0,ORPHAN,E88K,5.11,
GyrA | Staphylococcus aureus,CNP0581792_0,ORPHAN,E88G,5.11,
GyrA | Staphylococcus aureus,DRUG,DRUG,S84L,2.65,
GyrA | Staphylococcus aureus,DRUG,DRUG,S84A,2.65,
GyrA | Staphylococcus aureus,DRUG,DRUG,S85P,5.58,
GyrA | Staphylococcus aureus,DRUG,DRUG,E88K,5.11,
GyrA | Staphylococcus aureus,DRUG,DRUG,E88G,5.11,
GyrA | Staphylococcus aureus,GyrA_pos,POSITIVE,S84L,2.65,
GyrA | Staphylococcus aureus,GyrA_pos,POSITIVE,S84A,2.65,
GyrA | Staphylococcus aureus,GyrA_pos,POSITIVE,S85P,5.58,
GyrA | Staphylococcus aureus,GyrA_pos,POSITIVE,E88K,5.11,
GyrA | Staphylococcus aureus,GyrA_pos,POSITIVE,E88G,5.11,
GyrA | Staphylococcus aureus,POSITIVE_CONTROL,POSITIVE,S84L,2.65,
GyrA | Staphylococcus aureus,POSITIVE_CONTROL,POSITIVE,S84A,2.65,
GyrA | Staphylococcus aureus,POSITIVE_CONTROL,POSITIVE,S85P,5.58,
GyrA | Staphylococcus aureus,POSITIVE_CONTROL,POSITIVE,E88K,5.11,
GyrA | Staphylococcus aureus,POSITIVE_CONTROL,POSITIVE,E88G,5.11,
GyrA | Staphylococcus aureus,fluoroquinolone,DRUG,S84L,2.65,
GyrA | Staphylococcus aureus,fluoroquinolone,DRUG,S84A,2.65,
GyrA | Staphylococcus aureus,fluoroquinolone,DRUG,S85P,5.58,
GyrA | Staphylococcus aureus,fluoroquinolone,DRUG,E88K,5.11,
GyrA | Staphylococcus aureus,fluoroquinolone,DRUG,E88G,5.11,
GyrB | Mycobacterium tuberculosis,CNP0055360_0,ORPHAN,R482K,2.45,1.8651979502021465
GyrB | Mycobacterium tuberculosis,CNP0055360_0,ORPHAN,N499D,4.96,-0.00515100336317807
GyrB | Mycobacterium tuberculosis,CNP0057037_0,ORPHAN,R482K,2.45,2.259443703417064
GyrB | Mycobacterium tuberculosis,CNP0057037_0,ORPHAN,N499D,4.96,0.27363098403839264
GyrB | Mycobacterium tuberculosis,CNP0085148_0,ORPHAN,R482K,2.45,2.008528866617596
GyrB | Mycobacterium tuberculosis,CNP0085148_0,ORPHAN,N499D,4.96,0.227645979516249
GyrB | Mycobacterium tuberculosis,CNP0127250_0,ORPHAN,R482K,2.45,1.475912248104559
GyrB | Mycobacterium tuberculosis,CNP0127250_0,ORPHAN,N499D,4.96,0.12568004891943135
GyrB | Mycobacterium tuberculosis,CNP0212246_0,ORPHAN,R482K,2.45,1.4664059051476086
GyrB | Mycobacterium tuberculosis,CNP0212246_0,ORPHAN,N499D,4.96,-0.44649417692055227
GyrB | Mycobacterium tuberculosis,CNP0304961_0,ORPHAN,R482K,2.45,0.777856541329242
GyrB | Mycobacterium tuberculosis,CNP0304961_0,ORPHAN,N499D,4.96,-0.46366616220018286
GyrB | Mycobacterium tuberculosis,CNP0367169_0,ORPHAN,R482K,2.45,1.6459685087158404
GyrB | Mycobacterium tuberculosis,CNP0367169_0,ORPHAN,N499D,4.96,-0.10698669026343643
GyrB | Mycobacterium tuberculosis,CNP0390805_0,ORPHAN,R482K,2.45,1.6359376327355388
GyrB | Mycobacterium tuberculosis,CNP0390805_0,ORPHAN,N499D,4.96,0.016505292892418515
GyrB | Mycobacterium tuberculosis,CNP0409806_0,ORPHAN,R482K,2.45,1.986239081798892
GyrB | Mycobacterium tuberculosis,CNP0409806_0,ORPHAN,N499D,4.96,-0.17643369029673442
GyrB | Mycobacterium tuberculosis,CNP0484684_0,ORPHAN,R482K,2.45,1.7603147238677006
GyrB | Mycobacterium tuberculosis,CNP0484684_0,ORPHAN,N499D,4.96,-0.28799004650682836
GyrB | Mycobacterium tuberculosis,CNP0491392_0,ORPHAN,R482K,2.45,0.635850876435194
GyrB | Mycobacterium tuberculosis,CNP0491392_0,ORPHAN,N499D,4.96,-0.6557830552521905
GyrB | Mycobacterium tuberculosis,CNP0519179_0,ORPHAN,R482K,2.45,0.5721715955168276
GyrB | Mycobacterium tuberculosis,CNP0519179_0,ORPHAN,N499D,4.96,-0.5671288482266656
GyrB | Mycobacterium tuberculosis,CNP0533046_0,ORPHAN,R482K,2.45,1.1877663506673226
GyrB | Mycobacterium tuberculosis,CNP0533046_0,ORPHAN,N499D,4.96,0.10503248377126807
GyrB | Mycobacterium tuberculosis,CNP0554081_0,ORPHAN,R482K,2.45,0.6972118296096066
GyrB | Mycobacterium tuberculosis,CNP0554081_0,ORPHAN,N499D,4.96,-0.5620364448662338
GyrB | Mycobacterium tuberculosis,CNP0596591_0,ORPHAN,R482K,2.45,1.2354672524329429
GyrB | Mycobacterium tuberculosis,CNP0596591_0,ORPHAN,N499D,4.96,-0.6023241591476856
GyrB | Mycobacterium tuberculosis,GyrB_pos,POSITIVE,R482K,2.45,0.6883408523640723
GyrB | Mycobacterium tuberculosis,GyrB_pos,POSITIVE,N499D,4.96,-0.19144711787512897
GyrB | Mycobacterium tuberculosis,POSITIVE_CONTROL,POSITIVE,R482K,2.45,1.1499199738987826
GyrB | Mycobacterium tuberculosis,POSITIVE_CONTROL,POSITIVE,N499D,4.96,-0.31893320169797157
InhA | Mycobacterium tuberculosis,CNP0017023_1,ORPHAN,S94A,2.12,0.14700163067056457
InhA | Mycobacterium tuberculosis,CNP0017023_1,ORPHAN,D148G,2.46,-0.308473774455857
InhA | Mycobacterium tuberculosis,CNP0023898_0,ORPHAN,S94A,2.12,0.0038099775962825676
InhA | Mycobacterium tuberculosis,CNP0023898_0,ORPHAN,D148G,2.46,-0.3182883272529765
InhA | Mycobacterium tuberculosis,CNP0227883_0,ORPHAN,S94A,2.12,0.07201498717436529
InhA | Mycobacterium tuberculosis,CNP0227883_0,ORPHAN,D148G,2.46,0.07418470756842732
InhA | Mycobacterium tuberculosis,CNP0262781_0,ORPHAN,S94A,2.12,0.03551598415709759
InhA | Mycobacterium tuberculosis,CNP0262781_0,ORPHAN,D148G,2.46,-0.32756080382524333
InhA | Mycobacterium tuberculosis,CNP0398679_0,ORPHAN,S94A,2.12,0.19153700776608049
InhA | Mycobacterium tuberculosis,CNP0398679_0,ORPHAN,D148G,2.46,0.006298780307433502
InhA | Mycobacterium tuberculosis,CNP0402587_0,ORPHAN,S94A,2.12,0.1831706736588337
InhA | Mycobacterium tuberculosis,CNP0402587_0,ORPHAN,D148G,2.46,-0.11902189174229062
InhA | Mycobacterium tuberculosis,CNP0463099_0,ORPHAN,S94A,2.12,0.7891474698596446
InhA | Mycobacterium tuberculosis,CNP0463099_0,ORPHAN,D148G,2.46,-0.5286145827438663
InhA | Mycobacterium tuberculosis,CNP0484080_0,ORPHAN,S94A,2.12,0.05745671774940992
InhA | Mycobacterium tuberculosis,CNP0484080_0,ORPHAN,D148G,2.46,-0.20057627228123792
InhA | Mycobacterium tuberculosis,CNP0499853_1,ORPHAN,S94A,2.12,0.2374701287137161
InhA | Mycobacterium tuberculosis,CNP0499853_1,ORPHAN,D148G,2.46,-0.22117784394801301
InhA | Mycobacterium tuberculosis,CNP0506347_0,ORPHAN,S94A,2.12,0.2858590291877523
InhA | Mycobacterium tuberculosis,CNP0506347_0,ORPHAN,D148G,2.46,0.15266561264237422
InhA | Mycobacterium tuberculosis,CNP0506695_0,ORPHAN,S94A,2.12,0.1174628619106608
InhA | Mycobacterium tuberculosis,CNP0506695_0,ORPHAN,D148G,2.46,-0.16491069139438963
InhA | Mycobacterium tuberculosis,CNP0527600_0,ORPHAN,S94A,2.12,0.05224855782241055
InhA | Mycobacterium tuberculosis,CNP0527600_0,ORPHAN,D148G,2.46,-0.3240433052438317
InhA | Mycobacterium tuberculosis,CNP0584823_0,ORPHAN,S94A,2.12,-0.09705791136594258
InhA | Mycobacterium tuberculosis,CNP0584823_0,ORPHAN,D148G,2.46,-0.07027405297487457
InhA | Mycobacterium tuberculosis,CNP0604250_0,ORPHAN,S94A,2.12,0.13519549623145102
InhA | Mycobacterium tuberculosis,CNP0604250_0,ORPHAN,D148G,2.46,-0.20543406951456178
InhA | Mycobacterium tuberculosis,CNP0605554_0,ORPHAN,S94A,2.12,0.12296340077977613
InhA | Mycobacterium tuberculosis,CNP0605554_0,ORPHAN,D148G,2.46,-0.31765214387714785
InhA | Mycobacterium tuberculosis,DRUG,DRUG,S94A,2.12,0.0721507229813835
InhA | Mycobacterium tuberculosis,DRUG,DRUG,D148G,2.46,-0.7798296717204547
InhA | Mycobacterium tuberculosis,InhA_pos,POSITIVE,S94A,2.12,-0.04869941061418168
InhA | Mycobacterium tuberculosis,InhA_pos,POSITIVE,D148G,2.46,-0.4762445087408066
InhA | Mycobacterium tuberculosis,POSITIVE_CONTROL,POSITIVE,S94A,2.12,0.17865519240362307
InhA | Mycobacterium tuberculosis,POSITIVE_CONTROL,POSITIVE,D148G,2.46,-0.28814257956607897
KPC-2 carbapenemase | Klebsiella pneumoniae,CNP0074556_1,ORPHAN,P103R,6.65,
KPC-2 carbapenemase | Klebsiella pneumoniae,CNP0074556_1,ORPHAN,D178N,7.55,
KPC-2 carbapenemase | Klebsiella pneumoniae,CNP0145108_1,ORPHAN,P103R,6.65,
KPC-2 carbapenemase | Klebsiella pneumoniae,CNP0145108_1,ORPHAN,D178N,7.55,
KPC-2 carbapenemase | Klebsiella pneumoniae,CNP0280753_1,ORPHAN,P103R,6.65,
KPC-2 carbapenemase | Klebsiella pneumoniae,CNP0280753_1,ORPHAN,D178N,7.55,
KPC-2 carbapenemase | Klebsiella pneumoniae,CNP0317995_1,ORPHAN,P103R,6.65,
KPC-2 carbapenemase | Klebsiella pneumoniae,CNP0317995_1,ORPHAN,D178N,7.55,
KPC-2 carbapenemase | Klebsiella pneumoniae,CNP0388689_1,ORPHAN,P103R,6.65,
KPC-2 carbapenemase | Klebsiella pneumoniae,CNP0388689_1,ORPHAN,D178N,7.55,
KPC-2 carbapenemase | Klebsiella pneumoniae,CNP0388755_1,ORPHAN,P103R,6.65,
KPC-2 carbapenemase | Klebsiella pneumoniae,CNP0388755_1,ORPHAN,D178N,7.55,
KPC-2 carbapenemase | Klebsiella pneumoniae,CNP0388764_1,ORPHAN,P103R,6.65,
KPC-2 carbapenemase | Klebsiella pneumoniae,CNP0388764_1,ORPHAN,D178N,7.55,
KPC-2 carbapenemase | Klebsiella pneumoniae,CNP0389277_1,ORPHAN,P103R,6.65,
KPC-2 carbapenemase | Klebsiella pneumoniae,CNP0389277_1,ORPHAN,D178N,7.55,
KPC-2 carbapenemase | Klebsiella pneumoniae,CNP0390958_1,ORPHAN,P103R,6.65,
KPC-2 carbapenemase | Klebsiella pneumoniae,CNP0390958_1,ORPHAN,D178N,7.55,
KPC-2 carbapenemase | Klebsiella pneumoniae,CNP0411822_1,ORPHAN,P103R,6.65,
KPC-2 carbapenemase | Klebsiella pneumoniae,CNP0411822_1,ORPHAN,D178N,7.55,
KPC-2 carbapenemase | Klebsiella pneumoniae,DRUG,DRUG,P103R,6.65,
KPC-2 carbapenemase | Klebsiella pneumoniae,DRUG,DRUG,D178N,7.55,
KPC-2 carbapenemase | Klebsiella pneumoniae,KPC-2 carbapenemase_pos,POSITIVE,P103R,6.65,
KPC-2 carbapenemase | Klebsiella pneumoniae,KPC-2 carbapenemase_pos,POSITIVE,D178N,7.55,
KPC-2 carbapenemase | Klebsiella pneumoniae,POSITIVE_CONTROL,POSITIVE,P103R,6.65,
KPC-2 carbapenemase | Klebsiella pneumoniae,POSITIVE_CONTROL,POSITIVE,D178N,7.55,
KPC-2 carbapenemase | Klebsiella pneumoniae,carbapenems,DRUG,P103R,6.65,
KPC-2 carbapenemase | Klebsiella pneumoniae,carbapenems,DRUG,D178N,7.55,
KatG | Mycobacterium tuberculosis,CNP0017923_0,ORPHAN,S315T,2.76,1.5199798336029124
KatG | Mycobacterium tuberculosis,CNP0021995_0,ORPHAN,S315T,2.76,0.004826439623265101
KatG | Mycobacterium tuberculosis,CNP0025126_0,ORPHAN,S315T,2.76,0.1396974524770132
KatG | Mycobacterium tuberculosis,CNP0032477_0,ORPHAN,S315T,2.76,0.43027336059851673
KatG | Mycobacterium tuberculosis,CNP0036464_0,ORPHAN,S315T,2.76,0.3999948032896011
KatG | Mycobacterium tuberculosis,CNP0039839_0,ORPHAN,S315T,2.76,1.4025984559568252
KatG | Mycobacterium tuberculosis,CNP0051582_0,ORPHAN,S315T,2.76,0.9531719364031424
KatG | Mycobacterium tuberculosis,CNP0088265_0,ORPHAN,S315T,2.76,1.034501234632012
KatG | Mycobacterium tuberculosis,CNP0169320_0,ORPHAN,S315T,2.76,0.48901845562237956
KatG | Mycobacterium tuberculosis,CNP0171367_0,ORPHAN,S315T,2.76,0.6390171535927405
KatG | Mycobacterium tuberculosis,CNP0218227_0,ORPHAN,S315T,2.76,1.3620989144230415
KatG | Mycobacterium tuberculosis,CNP0280058_0,ORPHAN,S315T,2.76,0.5957110260068396
KatG | Mycobacterium tuberculosis,CNP0385803_1,ORPHAN,S315T,2.76,0.5656132636020775
KatG | Mycobacterium tuberculosis,CNP0505789_0,ORPHAN,S315T,2.76,0.5301547918351066
KatG | Mycobacterium tuberculosis,CNP0560933_0,ORPHAN,S315T,2.76,0.10918081512685097
KatG | Mycobacterium tuberculosis,DRUG,DRUG,S315T,2.76,0.01659480499328577
KatG | Mycobacterium tuberculosis,KatG_pos,POSITIVE,S315T,2.76,0.023584169313712253
KatG | Mycobacterium tuberculosis,POSITIVE_CONTROL,POSITIVE,S315T,2.76,0.06254154988322395
KatG | Mycobacterium tuberculosis,isoniazid (prodrug activator),DRUG,S315T,2.76,0.05836404159431197
RpoB | Mycobacterium tuberculosis,CNP0052508_0,ORPHAN,L436P,3.67,0.8189592201720614
RpoB | Mycobacterium tuberculosis,CNP0052508_0,ORPHAN,S437T,3.97,1.0773315126345853
RpoB | Mycobacterium tuberculosis,CNP0052508_0,ORPHAN,Q438H,3.07,-0.05341981824784957
RpoB | Mycobacterium tuberculosis,CNP0052508_0,ORPHAN,Q438L,3.07,0.14814290778222328
RpoB | Mycobacterium tuberculosis,CNP0052508_0,ORPHAN,F439V,2.68,0.1274167619842957
RpoB | Mycobacterium tuberculosis,CNP0052508_0,ORPHAN,M440None,4.29,
RpoB | Mycobacterium tuberculosis,CNP0052508_0,ORPHAN,D441V,3.14,0.48336102745445747
RpoB | Mycobacterium tuberculosis,CNP0052508_0,ORPHAN,H451D,3.42,0.49648553083711217
RpoB | Mycobacterium tuberculosis,CNP0052508_0,ORPHAN,H451L,3.42,0.3623432103192797
RpoB | Mycobacterium tuberculosis,CNP0052508_0,ORPHAN,H451N,3.42,0.5167819671654048
RpoB | Mycobacterium tuberculosis,CNP0052508_0,ORPHAN,H451P,3.42,0.11424336093769577
RpoB | Mycobacterium tuberculosis,CNP0052508_0,ORPHAN,H451Q,3.42,0.6948295177878466
RpoB | Mycobacterium tuberculosis,CNP0052508_0,ORPHAN,H451R,3.42,0.5670611762519725
RpoB | Mycobacterium tuberculosis,CNP0052508_0,ORPHAN,S456L,2.43,0.21448100476919585
RpoB | Mycobacterium tuberculosis,CNP0052508_0,ORPHAN,S456Q,2.43,1.0513219027892433
RpoB | Mycobacterium tuberculosis,CNP0052508_0,ORPHAN,S456W,2.43,1.2821436234024042
RpoB | Mycobacterium tuberculosis,CNP0052508_0,ORPHAN,L458P,3.7,1.1346333752065256
RpoB | Mycobacterium tuberculosis,CNP0072256_2,ORPHAN,L436P,3.67,0.11040152751451196
RpoB | Mycobacterium tuberculosis,CNP0072256_2,ORPHAN,S437T,3.97,-0.25706353721703784
RpoB | Mycobacterium tuberculosis,CNP0072256_2,ORPHAN,Q438H,3.07,-0.8435702506182574
RpoB | Mycobacterium tuberculosis,CNP0072256_2,ORPHAN,Q438L,3.07,-0.6520894488717147
RpoB | Mycobacterium tuberculosis,CNP0072256_2,ORPHAN,F439V,2.68,0.4280589012544847
RpoB | Mycobacterium tuberculosis,CNP0072256_2,ORPHAN,M440None,4.29,
RpoB | Mycobacterium tuberculosis,CNP0072256_2,ORPHAN,D441V,3.14,-0.3294278183718085
RpoB | Mycobacterium tuberculosis,CNP0072256_2,ORPHAN,H451D,3.42,-0.18290369774288873
RpoB | Mycobacterium tuberculosis,CNP0072256_2,ORPHAN,H451L,3.42,-0.30563801285849396
RpoB | Mycobacterium tuberculosis,CNP0072256_2,ORPHAN,H451N,3.42,-0.16260726141459525
RpoB | Mycobacterium tuberculosis,CNP0072256_2,ORPHAN,H451P,3.42,-0.5911554337237802
RpoB | Mycobacterium tuberculosis,CNP0072256_2,ORPHAN,H451Q,3.42,0.015440289207846458
RpoB | Mycobacterium tuberculosis,CNP0072256_2,ORPHAN,H451R,3.42,0.011994823996176482
RpoB | Mycobacterium tuberculosis,CNP0072256_2,ORPHAN,S456L,2.43,-0.27581782243583763
RpoB | Mycobacterium tuberculosis,CNP0072256_2,ORPHAN,S456Q,2.43,0.5164778002652004
RpoB | Mycobacterium tuberculosis,CNP0072256_2,ORPHAN,S456W,2.43,0.9672767346051313
RpoB | Mycobacterium tuberculosis,CNP0072256_2,ORPHAN,L458P,3.7,0.5071247570043311
RpoB | Mycobacterium tuberculosis,CNP0333894_0,ORPHAN,L436P,3.67,0.9270510942616524
RpoB | Mycobacterium tuberculosis,CNP0333894_0,ORPHAN,S437T,3.97,1.0255968219199816
RpoB | Mycobacterium tuberculosis,CNP0333894_0,ORPHAN,Q438H,3.07,0.04697396310485664
RpoB | Mycobacterium tuberculosis,CNP0333894_0,ORPHAN,Q438L,3.07,0.39720247000925807
RpoB | Mycobacterium tuberculosis,CNP0333894_0,ORPHAN,F439V,2.68,0.6444199706405519
RpoB | Mycobacterium tuberculosis,CNP0333894_0,ORPHAN,M440None,4.29,
RpoB | Mycobacterium tuberculosis,CNP0333894_0,ORPHAN,D441V,3.14,0.11095466748191865
RpoB | Mycobacterium tuberculosis,CNP0333894_0,ORPHAN,H451D,3.42,0.15525982386243783
RpoB | Mycobacterium tuberculosis,CNP0333894_0,ORPHAN,H451L,3.42,0.11999687953598993
RpoB | Mycobacterium tuberculosis,CNP0333894_0,ORPHAN,H451N,3.42,0.17555626019073126
RpoB | Mycobacterium tuberculosis,CNP0333894_0,ORPHAN,H451P,3.42,-0.13197467175626107
RpoB | Mycobacterium tuberculosis,CNP0333894_0,ORPHAN,H451Q,3.42,0.35360381081317316
RpoB | Mycobacterium tuberculosis,CNP0333894_0,ORPHAN,H451R,3.42,0.23490786104721048
RpoB | Mycobacterium tuberculosis,CNP0333894_0,ORPHAN,S456L,2.43,-0.17623973915522312
RpoB | Mycobacterium tuberculosis,CNP0333894_0,ORPHAN,S456Q,2.43,0.7952100631106014
RpoB | Mycobacterium tuberculosis,CNP0333894_0,ORPHAN,S456W,2.43,1.0113599339947277
RpoB | Mycobacterium tuberculosis,CNP0333894_0,ORPHAN,L458P,3.7,1.234846856458677
RpoB | Mycobacterium tuberculosis,CNP0529734_1,ORPHAN,L436P,3.67,0.2681216626441243
RpoB | Mycobacterium tuberculosis,CNP0529734_1,ORPHAN,S437T,3.97,-0.16050351474373484
RpoB | Mycobacterium tuberculosis,CNP0529734_1,ORPHAN,Q438H,3.07,0.32220930247896384
RpoB | Mycobacterium tuberculosis,CNP0529734_1,ORPHAN,Q438L,3.07,0.6731533647791386
RpoB | Mycobacterium tuberculosis,CNP0529734_1,ORPHAN,F439V,2.68,-0.19274270577974859
RpoB | Mycobacterium tuberculosis,CNP0529734_1,ORPHAN,M440None,4.29,
RpoB | Mycobacterium tuberculosis,CNP0529734_1,ORPHAN,D441V,3.14,0.562059643087658
RpoB | Mycobacterium tuberculosis,CNP0529734_1,ORPHAN,H451D,3.42,0.5104188647903788
RpoB | Mycobacterium tuberculosis,CNP0529734_1,ORPHAN,H451L,3.42,0.5342035352433467
RpoB | Mycobacterium tuberculosis,CNP0529734_1,ORPHAN,H451N,3.42,0.49627665584895864
RpoB | Mycobacterium tuberculosis,CNP0529734_1,ORPHAN,H451P,3.42,0.31589258844242635
RpoB | Mycobacterium tuberculosis,CNP0529734_1,ORPHAN,H451Q,3.42,0.5467620884584017
RpoB | Mycobacterium tuberculosis,CNP0529734_1,ORPHAN,H451R,3.42,0.35756046012177933
RpoB | Mycobacterium tuberculosis,CNP0529734_1,ORPHAN,S456L,2.43,0.09916450789313318
RpoB | Mycobacterium tuberculosis,CNP0529734_1,ORPHAN,S456Q,2.43,0.5802202248901592
RpoB | Mycobacterium tuberculosis,CNP0529734_1,ORPHAN,S456W,2.43,0.7712815958006631
RpoB | Mycobacterium tuberculosis,CNP0529734_1,ORPHAN,L458P,3.7,1.3813456623093374
RpoB | Mycobacterium tuberculosis,DRUG,DRUG,L436P,3.67,0.7641959038018961
RpoB | Mycobacterium tuberculosis,DRUG,DRUG,S437T,3.97,-0.12291151633043988
RpoB | Mycobacterium tuberculosis,DRUG,DRUG,Q438H,3.07,-0.42461353914271055
RpoB | Mycobacterium tuberculosis,DRUG,DRUG,Q438L,3.07,-0.24585459211701863
RpoB | Mycobacterium tuberculosis,DRUG,DRUG,F439V,2.68,0.038253144908957065
RpoB | Mycobacterium tuberculosis,DRUG,DRUG,M440None,4.29,
RpoB | Mycobacterium tuberculosis,DRUG,DRUG,D441V,3.14,0.6124281557832489
RpoB | Mycobacterium tuberculosis,DRUG,DRUG,H451D,3.42,1.3357399641538923
RpoB | Mycobacterium tuberculosis,DRUG,DRUG,H451L,3.42,0.9507537529366586
RpoB | Mycobacterium tuberculosis,DRUG,DRUG,H451N,3.42,1.3261132062047214
RpoB | Mycobacterium tuberculosis,DRUG,DRUG,H451P,3.42,1.282708632757538
RpoB | Mycobacterium tuberculosis,DRUG,DRUG,H451Q,3.42,1.2860090312472683
RpoB | Mycobacterium tuberculosis,DRUG,DRUG,H451R,3.42,1.1967192185161342
RpoB | Mycobacterium tuberculosis,DRUG,DRUG,S456L,2.43,-0.23089562461848953
RpoB | Mycobacterium tuberculosis,DRUG,DRUG,S456Q,2.43,0.9133902590166153
RpoB | Mycobacterium tuberculosis,DRUG,DRUG,S456W,2.43,1.1903483981338423
RpoB | Mycobacterium tuberculosis,DRUG,DRUG,L458P,3.7,0.9280789341530091
RpoB | Mycobacterium tuberculosis,POSITIVE_CONTROL,POSITIVE,L436P,3.67,0.9007792337742687
RpoB | Mycobacterium tuberculosis,POSITIVE_CONTROL,POSITIVE,S437T,3.97,0.047610573753340144
RpoB | Mycobacterium tuberculosis,POSITIVE_CONTROL,POSITIVE,Q438H,3.07,-0.17109590864253574
RpoB | Mycobacterium tuberculosis,POSITIVE_CONTROL,POSITIVE,Q438L,3.07,0.09763334479375473
RpoB | Mycobacterium tuberculosis,POSITIVE_CONTROL,POSITIVE,F439V,2.68,0.9804931539446121
RpoB | Mycobacterium tuberculosis,POSITIVE_CONTROL,POSITIVE,M440None,4.29,
RpoB | Mycobacterium tuberculosis,POSITIVE_CONTROL,POSITIVE,D441V,3.14,1.1524396170678197
RpoB | Mycobacterium tuberculosis,POSITIVE_CONTROL,POSITIVE,H451D,3.42,1.6258913021976722
RpoB | Mycobacterium tuberculosis,POSITIVE_CONTROL,POSITIVE,H451L,3.42,1.3299183752035573
RpoB | Mycobacterium tuberculosis,POSITIVE_CONTROL,POSITIVE,H451N,3.42,1.6117490932562513
RpoB | Mycobacterium tuberculosis,POSITIVE_CONTROL,POSITIVE,H451P,3.42,1.6056289234133885
RpoB | Mycobacterium tuberculosis,POSITIVE_CONTROL,POSITIVE,H451Q,3.42,1.559463738315164
RpoB | Mycobacterium tuberculosis,POSITIVE_CONTROL,POSITIVE,H451R,3.42,1.5054249830267339
RpoB | Mycobacterium tuberculosis,POSITIVE_CONTROL,POSITIVE,S456L,2.43,-0.008914170800999845
RpoB | Mycobacterium tuberculosis,POSITIVE_CONTROL,POSITIVE,S456Q,2.43,1.0119966884516933
RpoB | Mycobacterium tuberculosis,POSITIVE_CONTROL,POSITIVE,S456W,2.43,1.2220842874915996
RpoB | Mycobacterium tuberculosis,POSITIVE_CONTROL,POSITIVE,L458P,3.7,0.9970617737184867
RpoB | Mycobacterium tuberculosis,RpoB_pos,POSITIVE,L436P,3.67,0.6748196407254458
RpoB | Mycobacterium tuberculosis,RpoB_pos,POSITIVE,S437T,3.97,-0.06674529801510813
RpoB | Mycobacterium tuberculosis,RpoB_pos,POSITIVE,Q438H,3.07,-0.2300449063498942
RpoB | Mycobacterium tuberculosis,RpoB_pos,POSITIVE,Q438L,3.07,-0.001219044745977072
RpoB | Mycobacterium tuberculosis,RpoB_pos,POSITIVE,F439V,2.68,-0.05230912792939699
RpoB | Mycobacterium tuberculosis,RpoB_pos,POSITIVE,M440None,4.29,
RpoB | Mycobacterium tuberculosis,RpoB_pos,POSITIVE,D441V,3.14,0.7244899474030664
RpoB | Mycobacterium tuberculosis,RpoB_pos,POSITIVE,H451D,3.42,1.0528261075619134
RpoB | Mycobacterium tuberculosis,RpoB_pos,POSITIVE,H451L,3.42,0.757752920405667
RpoB | Mycobacterium tuberculosis,RpoB_pos,POSITIVE,H451N,3.42,1.0641007253695207
RpoB | Mycobacterium tuberculosis,RpoB_pos,POSITIVE,H451P,3.42,0.8913605546768049
RpoB | Mycobacterium tuberculosis,RpoB_pos,POSITIVE,H451Q,3.42,1.1003055769935006
RpoB | Mycobacterium tuberculosis,RpoB_pos,POSITIVE,H451R,3.42,1.0463392844152215
RpoB | Mycobacterium tuberculosis,RpoB_pos,POSITIVE,S456L,2.43,0.04806504935085554
RpoB | Mycobacterium tuberculosis,RpoB_pos,POSITIVE,S456Q,2.43,0.8208822696484908
RpoB | Mycobacterium tuberculosis,RpoB_pos,POSITIVE,S456W,2.43,1.0706274412997512
RpoB | Mycobacterium tuberculosis,RpoB_pos,POSITIVE,L458P,3.7,1.1149148942607885
RpoB | Mycobacterium tuberculosis,rifampicin,DRUG,L436P,3.67,1.1400270085797313
RpoB | Mycobacterium tuberculosis,rifampicin,DRUG,S437T,3.97,-0.05300109583531685
RpoB | Mycobacterium tuberculosis,rifampicin,DRUG,Q438H,3.07,0.015921439310318922
RpoB | Mycobacterium tuberculosis,rifampicin,DRUG,Q438L,3.07,0.2570467481935084
RpoB | Mycobacterium tuberculosis,rifampicin,DRUG,F439V,2.68,-0.047718331324177375
RpoB | Mycobacterium tuberculosis,rifampicin,DRUG,M440None,4.29,
RpoB | Mycobacterium tuberculosis,rifampicin,DRUG,D441V,3.14,0.23683049529623504
RpoB | Mycobacterium tuberculosis,rifampicin,DRUG,H451D,3.42,0.4582687888891972
RpoB | Mycobacterium tuberculosis,rifampicin,DRUG,H451L,3.42,0.06833859330814886
RpoB | Mycobacterium tuberculosis,rifampicin,DRUG,H451N,3.42,0.4978077000273497
RpoB | Mycobacterium tuberculosis,rifampicin,DRUG,H451P,3.42,0.19049391413958386
RpoB | Mycobacterium tuberculosis,rifampicin,DRUG,H451Q,3.42,0.6615746696643291
RpoB | Mycobacterium tuberculosis,rifampicin,DRUG,H451R,3.42,0.7356317001019534
RpoB | Mycobacterium tuberculosis,rifampicin,DRUG,S456L,2.43,0.3277530786595335
RpoB | Mycobacterium tuberculosis,rifampicin,DRUG,S456Q,2.43,0.8503824132449317
RpoB | Mycobacterium tuberculosis,rifampicin,DRUG,S456W,2.43,1.219799091457797
RpoB | Mycobacterium tuberculosis,rifampicin,DRUG,L458P,3.7,1.6452924935674573
TEM-1 beta-lactamase | Escherichia coli,CNP0097100_1,ORPHAN,M67L,1.36,
TEM-1 beta-lactamase | Escherichia coli,CNP0097100_1,ORPHAN,E102K,6.44,
TEM-1 beta-lactamase | Escherichia coli,CNP0097100_1,ORPHAN,R162H,4.61,
TEM-1 beta-lactamase | Escherichia coli,CNP0097100_1,ORPHAN,R162S,4.61,
TEM-1 beta-lactamase | Escherichia coli,CNP0097100_1,ORPHAN,A235T,1.33,
TEM-1 beta-lactamase | Escherichia coli,CNP0097100_1,ORPHAN,G236S,4.72,0.6383232598094374
TEM-1 beta-lactamase | Escherichia coli,CNP0097100_1,ORPHAN,T261M,7.32,
TEM-1 beta-lactamase | Escherichia coli,CNP0097100_1,ORPHAN,N272D,7.26,
TEM-1 beta-lactamase | Escherichia coli,CNP0109169_0,ORPHAN,M67L,1.36,
TEM-1 beta-lactamase | Escherichia coli,CNP0109169_0,ORPHAN,E102K,6.44,
TEM-1 beta-lactamase | Escherichia coli,CNP0109169_0,ORPHAN,R162H,4.61,
TEM-1 beta-lactamase | Escherichia coli,CNP0109169_0,ORPHAN,R162S,4.61,
TEM-1 beta-lactamase | Escherichia coli,CNP0109169_0,ORPHAN,A235T,1.33,
TEM-1 beta-lactamase | Escherichia coli,CNP0109169_0,ORPHAN,G236S,4.72,0.8966031128491886
TEM-1 beta-lactamase | Escherichia coli,CNP0109169_0,ORPHAN,T261M,7.32,
TEM-1 beta-lactamase | Escherichia coli,CNP0109169_0,ORPHAN,N272D,7.26,
TEM-1 beta-lactamase | Escherichia coli,CNP0195624_0,ORPHAN,M67L,1.36,
TEM-1 beta-lactamase | Escherichia coli,CNP0195624_0,ORPHAN,E102K,6.44,
TEM-1 beta-lactamase | Escherichia coli,CNP0195624_0,ORPHAN,R162H,4.61,
TEM-1 beta-lactamase | Escherichia coli,CNP0195624_0,ORPHAN,R162S,4.61,
TEM-1 beta-lactamase | Escherichia coli,CNP0195624_0,ORPHAN,A235T,1.33,
TEM-1 beta-lactamase | Escherichia coli,CNP0195624_0,ORPHAN,G236S,4.72,1.0476790171811798
TEM-1 beta-lactamase | Escherichia coli,CNP0195624_0,ORPHAN,T261M,7.32,
TEM-1 beta-lactamase | Escherichia coli,CNP0195624_0,ORPHAN,N272D,7.26,
TEM-1 beta-lactamase | Escherichia coli,CNP0336055_1,ORPHAN,M67L,1.36,
TEM-1 beta-lactamase | Escherichia coli,CNP0336055_1,ORPHAN,E102K,6.44,
TEM-1 beta-lactamase | Escherichia coli,CNP0336055_1,ORPHAN,R162H,4.61,
TEM-1 beta-lactamase | Escherichia coli,CNP0336055_1,ORPHAN,R162S,4.61,
TEM-1 beta-lactamase | Escherichia coli,CNP0336055_1,ORPHAN,A235T,1.33,
TEM-1 beta-lactamase | Escherichia coli,CNP0336055_1,ORPHAN,G236S,4.72,0.6874420273493793
TEM-1 beta-lactamase | Escherichia coli,CNP0336055_1,ORPHAN,T261M,7.32,
TEM-1 beta-lactamase | Escherichia coli,CNP0336055_1,ORPHAN,N272D,7.26,
TEM-1 beta-lactamase | Escherichia coli,CNP0391108_1,ORPHAN,M67L,1.36,
TEM-1 beta-lactamase | Escherichia coli,CNP0391108_1,ORPHAN,E102K,6.44,
TEM-1 beta-lactamase | Escherichia coli,CNP0391108_1,ORPHAN,R162H,4.61,
TEM-1 beta-lactamase | Escherichia coli,CNP0391108_1,ORPHAN,R162S,4.61,
TEM-1 beta-lactamase | Escherichia coli,CNP0391108_1,ORPHAN,A235T,1.33,
TEM-1 beta-lactamase | Escherichia coli,CNP0391108_1,ORPHAN,G236S,4.72,1.0346836805941195
TEM-1 beta-lactamase | Escherichia coli,CNP0391108_1,ORPHAN,T261M,7.32,
TEM-1 beta-lactamase | Escherichia coli,CNP0391108_1,ORPHAN,N272D,7.26,
TEM-1 beta-lactamase | Escherichia coli,CNP0391108_2,ORPHAN,M67L,1.36,
TEM-1 beta-lactamase | Escherichia coli,CNP0391108_2,ORPHAN,E102K,6.44,
TEM-1 beta-lactamase | Escherichia coli,CNP0391108_2,ORPHAN,R162H,4.61,
TEM-1 beta-lactamase | Escherichia coli,CNP0391108_2,ORPHAN,R162S,4.61,
TEM-1 beta-lactamase | Escherichia coli,CNP0391108_2,ORPHAN,A235T,1.33,
TEM-1 beta-lactamase | Escherichia coli,CNP0391108_2,ORPHAN,G236S,4.72,0.8531809950681838
TEM-1 beta-lactamase | Escherichia coli,CNP0391108_2,ORPHAN,T261M,7.32,
TEM-1 beta-lactamase | Escherichia coli,CNP0391108_2,ORPHAN,N272D,7.26,
TEM-1 beta-lactamase | Escherichia coli,CNP0391108_3,ORPHAN,M67L,1.36,
TEM-1 beta-lactamase | Escherichia coli,CNP0391108_3,ORPHAN,E102K,6.44,
TEM-1 beta-lactamase | Escherichia coli,CNP0391108_3,ORPHAN,R162H,4.61,
TEM-1 beta-lactamase | Escherichia coli,CNP0391108_3,ORPHAN,R162S,4.61,
TEM-1 beta-lactamase | Escherichia coli,CNP0391108_3,ORPHAN,A235T,1.33,
TEM-1 beta-lactamase | Escherichia coli,CNP0391108_3,ORPHAN,G236S,4.72,1.0346836805941195
TEM-1 beta-lactamase | Escherichia coli,CNP0391108_3,ORPHAN,T261M,7.32,
TEM-1 beta-lactamase | Escherichia coli,CNP0391108_3,ORPHAN,N272D,7.26,
TEM-1 beta-lactamase | Escherichia coli,CNP0391108_4,ORPHAN,M67L,1.36,
TEM-1 beta-lactamase | Escherichia coli,CNP0391108_4,ORPHAN,E102K,6.44,
TEM-1 beta-lactamase | Escherichia coli,CNP0391108_4,ORPHAN,R162H,4.61,
TEM-1 beta-lactamase | Escherichia coli,CNP0391108_4,ORPHAN,R162S,4.61,
TEM-1 beta-lactamase | Escherichia coli,CNP0391108_4,ORPHAN,A235T,1.33,
TEM-1 beta-lactamase | Escherichia coli,CNP0391108_4,ORPHAN,G236S,4.72,0.8531809950681838
TEM-1 beta-lactamase | Escherichia coli,CNP0391108_4,ORPHAN,T261M,7.32,
TEM-1 beta-lactamase | Escherichia coli,CNP0391108_4,ORPHAN,N272D,7.26,
TEM-1 beta-lactamase | Escherichia coli,CNP0443849_0,ORPHAN,M67L,1.36,
TEM-1 beta-lactamase | Escherichia coli,CNP0443849_0,ORPHAN,E102K,6.44,
TEM-1 beta-lactamase | Escherichia coli,CNP0443849_0,ORPHAN,R162H,4.61,
TEM-1 beta-lactamase | Escherichia coli,CNP0443849_0,ORPHAN,R162S,4.61,
TEM-1 beta-lactamase | Escherichia coli,CNP0443849_0,ORPHAN,A235T,1.33,
TEM-1 beta-lactamase | Escherichia coli,CNP0443849_0,ORPHAN,G236S,4.72,0.8858152445459522
TEM-1 beta-lactamase | Escherichia coli,CNP0443849_0,ORPHAN,T261M,7.32,
TEM-1 beta-lactamase | Escherichia coli,CNP0443849_0,ORPHAN,N272D,7.26,
TEM-1 beta-lactamase | Escherichia coli,CNP0445236_0,ORPHAN,M67L,1.36,
TEM-1 beta-lactamase | Escherichia coli,CNP0445236_0,ORPHAN,E102K,6.44,
TEM-1 beta-lactamase | Escherichia coli,CNP0445236_0,ORPHAN,R162H,4.61,
TEM-1 beta-lactamase | Escherichia coli,CNP0445236_0,ORPHAN,R162S,4.61,
TEM-1 beta-lactamase | Escherichia coli,CNP0445236_0,ORPHAN,A235T,1.33,
TEM-1 beta-lactamase | Escherichia coli,CNP0445236_0,ORPHAN,G236S,4.72,1.4150424487677171
TEM-1 beta-lactamase | Escherichia coli,CNP0445236_0,ORPHAN,T261M,7.32,
TEM-1 beta-lactamase | Escherichia coli,CNP0445236_0,ORPHAN,N272D,7.26,
TEM-1 beta-lactamase | Escherichia coli,CNP0475658_0,ORPHAN,M67L,1.36,
TEM-1 beta-lactamase | Escherichia coli,CNP0475658_0,ORPHAN,E102K,6.44,
TEM-1 beta-lactamase | Escherichia coli,CNP0475658_0,ORPHAN,R162H,4.61,
TEM-1 beta-lactamase | Escherichia coli,CNP0475658_0,ORPHAN,R162S,4.61,
TEM-1 beta-lactamase | Escherichia coli,CNP0475658_0,ORPHAN,A235T,1.33,
TEM-1 beta-lactamase | Escherichia coli,CNP0475658_0,ORPHAN,G236S,4.72,0.09617086808796292
TEM-1 beta-lactamase | Escherichia coli,CNP0475658_0,ORPHAN,T261M,7.32,
TEM-1 beta-lactamase | Escherichia coli,CNP0475658_0,ORPHAN,N272D,7.26,
TEM-1 beta-lactamase | Escherichia coli,CNP0528365_1,ORPHAN,M67L,1.36,
TEM-1 beta-lactamase | Escherichia coli,CNP0528365_1,ORPHAN,E102K,6.44,
TEM-1 beta-lactamase | Escherichia coli,CNP0528365_1,ORPHAN,R162H,4.61,
TEM-1 beta-lactamase | Escherichia coli,CNP0528365_1,ORPHAN,R162S,4.61,
TEM-1 beta-lactamase | Escherichia coli,CNP0528365_1,ORPHAN,A235T,1.33,
TEM-1 beta-lactamase | Escherichia coli,CNP0528365_1,ORPHAN,G236S,4.72,0.5538362115953885
TEM-1 beta-lactamase | Escherichia coli,CNP0528365_1,ORPHAN,T261M,7.32,
TEM-1 beta-lactamase | Escherichia coli,CNP0528365_1,ORPHAN,N272D,7.26,
TEM-1 beta-lactamase | Escherichia coli,CNP0582000_0,ORPHAN,M67L,1.36,
TEM-1 beta-lactamase | Escherichia coli,CNP0582000_0,ORPHAN,E102K,6.44,
TEM-1 beta-lactamase | Escherichia coli,CNP0582000_0,ORPHAN,R162H,4.61,
TEM-1 beta-lactamase | Escherichia coli,CNP0582000_0,ORPHAN,R162S,4.61,
TEM-1 beta-lactamase | Escherichia coli,CNP0582000_0,ORPHAN,A235T,1.33,
TEM-1 beta-lactamase | Escherichia coli,CNP0582000_0,ORPHAN,G236S,4.72,0.8787607735370582
TEM-1 beta-lactamase | Escherichia coli,CNP0582000_0,ORPHAN,T261M,7.32,
TEM-1 beta-lactamase | Escherichia coli,CNP0582000_0,ORPHAN,N272D,7.26,
TEM-1 beta-lactamase | Escherichia coli,CNP0584469_0,ORPHAN,M67L,1.36,
TEM-1 beta-lactamase | Escherichia coli,CNP0584469_0,ORPHAN,E102K,6.44,
TEM-1 beta-lactamase | Escherichia coli,CNP0584469_0,ORPHAN,R162H,4.61,
TEM-1 beta-lactamase | Escherichia coli,CNP0584469_0,ORPHAN,R162S,4.61,
TEM-1 beta-lactamase | Escherichia coli,CNP0584469_0,ORPHAN,A235T,1.33,
TEM-1 beta-lactamase | Escherichia coli,CNP0584469_0,ORPHAN,G236S,4.72,1.1280859179511988
TEM-1 beta-lactamase | Escherichia coli,CNP0584469_0,ORPHAN,T261M,7.32,
TEM-1 beta-lactamase | Escherichia coli,CNP0584469_0,ORPHAN,N272D,7.26,
TEM-1 beta-lactamase | Escherichia coli,CNP0587578_0,ORPHAN,M67L,1.36,
TEM-1 beta-lactamase | Escherichia coli,CNP0587578_0,ORPHAN,E102K,6.44,
TEM-1 beta-lactamase | Escherichia coli,CNP0587578_0,ORPHAN,R162H,4.61,
TEM-1 beta-lactamase | Escherichia coli,CNP0587578_0,ORPHAN,R162S,4.61,
TEM-1 beta-lactamase | Escherichia coli,CNP0587578_0,ORPHAN,A235T,1.33,
TEM-1 beta-lactamase | Escherichia coli,CNP0587578_0,ORPHAN,G236S,4.72,0.5171656177322748
TEM-1 beta-lactamase | Escherichia coli,CNP0587578_0,ORPHAN,T261M,7.32,
TEM-1 beta-lactamase | Escherichia coli,CNP0587578_0,ORPHAN,N272D,7.26,
